データコード,PR01'PRCG15_2400000000,PR01'PRCG15_2600000000,IR01'MADR1M,MD01'MABS2AN116,MD01'MABS2AN117,FM08'FXERM07,FM02'STRECLUCON,FM02'STRACLUCON,IR04'DLLR2CIDBNL2,IR04'DLLR2CIDBNL3,IR04'DLLR2CIDBNL1,IR04'DLLR2CIDBST2,IR04'DLLR2CIDBST3,FM02'STRACP1M
系列名称,"[輸出物価指数/円ベース] 総平均","[輸入物価指数/円ベース] 総平均","基準割引率および基準貸付利率","マネタリーベース平均残高／うち 日本銀行券発行高","マネタリーベース平均残高／うち 貨幣流通高","東京市場　ドル・円　スポット　17時時点/月中平均","無担保コールレート・Ｏ／Ｎ　月末／金利","無担保コールレート・Ｏ／Ｎ　月平均／金利","新規/短期/国内銀行","新規/長期/国内銀行","新規/総合/国内銀行","ストック/短期/国内銀行","ストック/長期/国内銀行","（更新停止）国内コマーシャルペーパー発行平均金利/１か月（2009年10月まで）"
系列名称（英字）,"[Export Price Index / yen basis] All commodities","[Import Price Index / yen basis] All commodities","The Basic Discount Rate and Basic Loan Rate","Monetary Base/Banknotes in Circulation/Average Amounts Outstanding","Monetary Base/Coins in Circulation/Average Amounts Outstanding","US.Dollar/Yen Spot Rate at 17:00 in JST, Average in the Month, Tokyo Market","Call Rate, Uncollateralized Overnight/End of Month","Call Rate, Uncollateralized Overnight/Average","New Loans and Discounts/Short-term Loans and Discounts/Domestically Licensed Banks","New Loans and Discounts/Long-term Loans/Domestically Licensed Banks","New Loans and Discounts/Total/Domestically Licensed Banks","Outstanding Loans and Bills Discounted/Short-term Loans and Discounts/Domestically Licensed Banks","Outstanding Loans and Bills Discounted/Long-term Loans/Domestically Licensed Banks","(Discontinued)Average Yields on Newly Issued Domestic Commercial Paper/1 Month (through October 2009)"
単位,"2015年=100","2015年=100","年％","億円","億円","1ドルにつき円","年％","年％","年％","年％","年％","年％","年％","年％"
単位（英字）,"CY2015 average=100","CY2015 average=100","Percent per annum","100 million yen","100 million yen","Yen per U.S. Dollar","percent per annum","percent per annum","Percent per annum","Percent per annum","Percent per annum","Percent per annum","Percent per annum","percent per annum"
統計種別・カテゴリ,"企業物価指数 2015年基準/輸出物価指数/円ベース","企業物価指数 2015年基準/輸入物価指数/円ベース","基準割引率および基準貸付利率","マネタリーベース","マネタリーベース","外国為替市況","コールレート (月次)","コールレート (月次)","貸出約定平均金利","貸出約定平均金利","貸出約定平均金利","貸出約定平均金利","貸出約定平均金利","国内コマーシャルペーパー発行平均金利"
統計種別・カテゴリ(英字),"Corporate Goods Price Index (2015 Base)/ Export Price Index (yen basis)","Corporate Goods Price Index (2015 Base)/ Import Price Index (yen basis)","The Basic Discount Rates and Basic Loan Rates","Monetary Base","Monetary Base","Foreign Exchange Rates","Call Rate (Monthly)","Call Rate (Monthly)","Average Contract Interest Rates on Loans and Discounts","Average Contract Interest Rates on Loans and Discounts","Average Contract Interest Rates on Loans and Discounts","Average Contract Interest Rates on Loans and Discounts","Average Contract Interest Rates on Loans and Discounts","Average Yields on Newly Issued Domestic Commercial Paper"
変換方法,"AVERAGED","AVERAGED","END","AVERAGED","AVERAGED","AVERAGED","END","AVERAGED","AVERAGED","AVERAGED","AVERAGED","AVERAGED","AVERAGED","AVERAGED"
収録開始期,"1960/01","1960/01","1882/10","1970/01","1970/01","1973/01","1985/07","1985/07","1993/10","1993/10","1993/10","1993/10","1993/10","1994/09"
収録終了期,"2018/09","2018/09","2018/09","2018/09","2018/09","2018/09","2018/09","2018/09","2018/08","2018/08","2018/08","2018/08","2018/08","2009/10"
期種,月次,月次,月次,月次,月次,月次,月次,月次,月次,月次,月次,月次,月次,月次
備考,"品目数：209、ウエイト：1000","品目数：258、ウエイト：1000","","","","注釈(a)参照。","","","注釈（h）参照。","注釈（h）参照。","注釈（h）参照。","","",""
備考（英字）,"Number of Commodity:209, Weights:1000","Number of Commodity:258, Weights:1000","","","","See note(a).","","","See note(h).","See note(h).","See note(h).","","",""

1960/01,120.9,43.5 ,7.3 ,       ,     ,      ,       ,       ,     ,     ,     ,     ,     ,
1960/02,120.3,43.3 ,7.3 ,       ,     ,      ,       ,       ,     ,     ,     ,     ,     ,
1960/03,119.9,43   ,7.3 ,       ,     ,      ,       ,       ,     ,     ,     ,     ,     ,
1960/04,117.3,43   ,7.3 ,       ,     ,      ,       ,       ,     ,     ,     ,     ,     ,
1960/05,116.9,42.7 ,7.3 ,       ,     ,      ,       ,       ,     ,     ,     ,     ,     ,
1960/06,116  ,42.7 ,7.3 ,       ,     ,      ,       ,       ,     ,     ,     ,     ,     ,
1960/07,116.4,42.1 ,7.3 ,       ,     ,      ,       ,       ,     ,     ,     ,     ,     ,
1960/08,116.6,41.6 ,6.94,       ,     ,      ,       ,       ,     ,     ,     ,     ,     ,
1960/09,116.4,41.6 ,6.94,       ,     ,      ,       ,       ,     ,     ,     ,     ,     ,
1960/10,115.7,41.3 ,6.94,       ,     ,      ,       ,       ,     ,     ,     ,     ,     ,
1960/11,115.2,41.4 ,6.94,       ,     ,      ,       ,       ,     ,     ,     ,     ,     ,
1960/12,114.5,41.6 ,6.94,       ,     ,      ,       ,       ,     ,     ,     ,     ,     ,
1961/01,114  ,41.8 ,6.57,       ,     ,      ,       ,       ,     ,     ,     ,     ,     ,
1961/02,114.2,41.9 ,6.57,       ,     ,      ,       ,       ,     ,     ,     ,     ,     ,
1961/03,114.5,42.5 ,6.57,       ,     ,      ,       ,       ,     ,     ,     ,     ,     ,
1961/04,114.9,43   ,6.57,       ,     ,      ,       ,       ,     ,     ,     ,     ,     ,
1961/05,112.2,43.3 ,6.57,       ,     ,      ,       ,       ,     ,     ,     ,     ,     ,
1961/06,112.2,42.7 ,6.57,       ,     ,      ,       ,       ,     ,     ,     ,     ,     ,
1961/07,112  ,42.7 ,6.94,       ,     ,      ,       ,       ,     ,     ,     ,     ,     ,
1961/08,112  ,42.7 ,6.94,       ,     ,      ,       ,       ,     ,     ,     ,     ,     ,
1961/09,111.3,42.5 ,7.3 ,       ,     ,      ,       ,       ,     ,     ,     ,     ,     ,
1961/10,110.7,42.3 ,7.3 ,       ,     ,      ,       ,       ,     ,     ,     ,     ,     ,
1961/11,110.1,41.9 ,7.3 ,       ,     ,      ,       ,       ,     ,     ,     ,     ,     ,
1961/12,109.7,41.9 ,7.3 ,       ,     ,      ,       ,       ,     ,     ,     ,     ,     ,
1962/01,109.6,41.9 ,7.3 ,       ,     ,      ,       ,       ,     ,     ,     ,     ,     ,
1962/02,109.8,41.9 ,7.3 ,       ,     ,      ,       ,       ,     ,     ,     ,     ,     ,
1962/03,109.6,41.8 ,7.3 ,       ,     ,      ,       ,       ,     ,     ,     ,     ,     ,
1962/04,109.3,41.6 ,7.3 ,       ,     ,      ,       ,       ,     ,     ,     ,     ,     ,
1962/05,109.3,41.4 ,7.3 ,       ,     ,      ,       ,       ,     ,     ,     ,     ,     ,
1962/06,109.1,41.3 ,7.3 ,       ,     ,      ,       ,       ,     ,     ,     ,     ,     ,
1962/07,109.1,41.1 ,7.3 ,       ,     ,      ,       ,       ,     ,     ,     ,     ,     ,
1962/08,108.6,40.6 ,7.3 ,       ,     ,      ,       ,       ,     ,     ,     ,     ,     ,
1962/09,108.3,40.4 ,7.3 ,       ,     ,      ,       ,       ,     ,     ,     ,     ,     ,
1962/10,108  ,40.6 ,6.94,       ,     ,      ,       ,       ,     ,     ,     ,     ,     ,
1962/11,108  ,40.8 ,6.57,       ,     ,      ,       ,       ,     ,     ,     ,     ,     ,
1962/12,108.7,40.9 ,6.57,       ,     ,      ,       ,       ,     ,     ,     ,     ,     ,
1963/01,109.8,41.3 ,6.57,       ,     ,      ,       ,       ,     ,     ,     ,     ,     ,
1963/02,110.5,41.4 ,6.57,       ,     ,      ,       ,       ,     ,     ,     ,     ,     ,
1963/03,111  ,41.6 ,6.21,       ,     ,      ,       ,       ,     ,     ,     ,     ,     ,
1963/04,111  ,41.9 ,5.84,       ,     ,      ,       ,       ,     ,     ,     ,     ,     ,
1963/05,111  ,42.1 ,5.84,       ,     ,      ,       ,       ,     ,     ,     ,     ,     ,
1963/06,111.8,42.5 ,5.84,       ,     ,      ,       ,       ,     ,     ,     ,     ,     ,
1963/07,111.3,42.5 ,5.84,       ,     ,      ,       ,       ,     ,     ,     ,     ,     ,
1963/08,111.8,42.3 ,5.84,       ,     ,      ,       ,       ,     ,     ,     ,     ,     ,
1963/09,111.8,42.6 ,5.84,       ,     ,      ,       ,       ,     ,     ,     ,     ,     ,
1963/10,111.9,43   ,5.84,       ,     ,      ,       ,       ,     ,     ,     ,     ,     ,
1963/11,112.2,43.8 ,5.84,       ,     ,      ,       ,       ,     ,     ,     ,     ,     ,
1963/12,112.4,43.8 ,5.84,       ,     ,      ,       ,       ,     ,     ,     ,     ,     ,
1964/01,112.5,44   ,5.84,       ,     ,      ,       ,       ,     ,     ,     ,     ,     ,
1964/02,113  ,43.8 ,5.84,       ,     ,      ,       ,       ,     ,     ,     ,     ,     ,
1964/03,113  ,43.5 ,6.57,       ,     ,      ,       ,       ,     ,     ,     ,     ,     ,
1964/04,113.1,43.3 ,6.57,       ,     ,      ,       ,       ,     ,     ,     ,     ,     ,
1964/05,113.4,43   ,6.57,       ,     ,      ,       ,       ,     ,     ,     ,     ,     ,
1964/06,113.2,43   ,6.57,       ,     ,      ,       ,       ,     ,     ,     ,     ,     ,
1964/07,113.1,42.5 ,6.57,       ,     ,      ,       ,       ,     ,     ,     ,     ,     ,
1964/08,113.2,42.5 ,6.57,       ,     ,      ,       ,       ,     ,     ,     ,     ,     ,
1964/09,113  ,42.6 ,6.57,       ,     ,      ,       ,       ,     ,     ,     ,     ,     ,
1964/10,112.8,42.7 ,6.57,       ,     ,      ,       ,       ,     ,     ,     ,     ,     ,
1964/11,112.4,42.7 ,6.57,       ,     ,      ,       ,       ,     ,     ,     ,     ,     ,
1964/12,112.4,42.5 ,6.57,       ,     ,      ,       ,       ,     ,     ,     ,     ,     ,
1965/01,113  ,41.9 ,6.21,       ,     ,      ,       ,       ,     ,     ,     ,     ,     ,
1965/02,113  ,41.9 ,6.21,       ,     ,      ,       ,       ,     ,     ,     ,     ,     ,
1965/03,112.8,41.8 ,6.21,       ,     ,      ,       ,       ,     ,     ,     ,     ,     ,
1965/04,112.8,41.9 ,5.84,       ,     ,      ,       ,       ,     ,     ,     ,     ,     ,
1965/05,112.4,41.9 ,5.84,       ,     ,      ,       ,       ,     ,     ,     ,     ,     ,
1965/06,112  ,42.1 ,5.48,       ,     ,      ,       ,       ,     ,     ,     ,     ,     ,
1965/07,112  ,42.1 ,5.48,       ,     ,      ,       ,       ,     ,     ,     ,     ,     ,
1965/08,112  ,41.9 ,5.48,       ,     ,      ,       ,       ,     ,     ,     ,     ,     ,
1965/09,112  ,41.8 ,5.48,       ,     ,      ,       ,       ,     ,     ,     ,     ,     ,
1965/10,111.9,41.9 ,5.48,       ,     ,      ,       ,       ,     ,     ,     ,     ,     ,
1965/11,111.8,41.9 ,5.48,       ,     ,      ,       ,       ,     ,     ,     ,     ,     ,
1965/12,111.2,42.1 ,5.48,       ,     ,      ,       ,       ,     ,     ,     ,     ,     ,
1966/01,111.2,42.6 ,5.48,       ,     ,      ,       ,       ,     ,     ,     ,     ,     ,
1966/02,111.3,43   ,5.48,       ,     ,      ,       ,       ,     ,     ,     ,     ,     ,
1966/03,111.4,43   ,5.48,       ,     ,      ,       ,       ,     ,     ,     ,     ,     ,
1966/04,111.8,42.7 ,5.48,       ,     ,      ,       ,       ,     ,     ,     ,     ,     ,
1966/05,111.8,43   ,5.48,       ,     ,      ,       ,       ,     ,     ,     ,     ,     ,
1966/06,111.9,43.3 ,5.48,       ,     ,      ,       ,       ,     ,     ,     ,     ,     ,
1966/07,112  ,43.3 ,5.48,       ,     ,      ,       ,       ,     ,     ,     ,     ,     ,
1966/08,112  ,43   ,5.48,       ,     ,      ,       ,       ,     ,     ,     ,     ,     ,
1966/09,112.2,42.5 ,5.48,       ,     ,      ,       ,       ,     ,     ,     ,     ,     ,
1966/10,112.5,42.5 ,5.48,       ,     ,      ,       ,       ,     ,     ,     ,     ,     ,
1966/11,112.5,42.6 ,5.48,       ,     ,      ,       ,       ,     ,     ,     ,     ,     ,
1966/12,112.8,42.5 ,5.48,       ,     ,      ,       ,       ,     ,     ,     ,     ,     ,
1967/01,112.8,42.5 ,5.48,       ,     ,      ,       ,       ,     ,     ,     ,     ,     ,
1967/02,112  ,42.6 ,5.48,       ,     ,      ,       ,       ,     ,     ,     ,     ,     ,
1967/03,112  ,42.5 ,5.48,       ,     ,      ,       ,       ,     ,     ,     ,     ,     ,
1967/04,111.9,42.1 ,5.48,       ,     ,      ,       ,       ,     ,     ,     ,     ,     ,
1967/05,111.9,42.1 ,5.48,       ,     ,      ,       ,       ,     ,     ,     ,     ,     ,
1967/06,112  ,42.1 ,5.48,       ,     ,      ,       ,       ,     ,     ,     ,     ,     ,
1967/07,112  ,42.1 ,5.48,       ,     ,      ,       ,       ,     ,     ,     ,     ,     ,
1967/08,112  ,41.9 ,5.48,       ,     ,      ,       ,       ,     ,     ,     ,     ,     ,
1967/09,112.2,41.9 ,5.84,       ,     ,      ,       ,       ,     ,     ,     ,     ,     ,
1967/10,112.2,42.5 ,5.84,       ,     ,      ,       ,       ,     ,     ,     ,     ,     ,
1967/11,112.4,42.7 ,5.84,       ,     ,      ,       ,       ,     ,     ,     ,     ,     ,
1967/12,112.2,43   ,5.84,       ,     ,      ,       ,       ,     ,     ,     ,     ,     ,
1968/01,112.2,43.3 ,6.21,       ,     ,      ,       ,       ,     ,     ,     ,     ,     ,
1968/02,112.4,43.3 ,6.21,       ,     ,      ,       ,       ,     ,     ,     ,     ,     ,
1968/03,112.5,43.3 ,6.21,       ,     ,      ,       ,       ,     ,     ,     ,     ,     ,
1968/04,112.2,42.5 ,6.21,       ,     ,      ,       ,       ,     ,     ,     ,     ,     ,
1968/05,112  ,42.5 ,6.21,       ,     ,      ,       ,       ,     ,     ,     ,     ,     ,
1968/06,112  ,42.5 ,6.21,       ,     ,      ,       ,       ,     ,     ,     ,     ,     ,
1968/07,112  ,42.1 ,6.21,       ,     ,      ,       ,       ,     ,     ,     ,     ,     ,
1968/08,112  ,41.9 ,5.84,       ,     ,      ,       ,       ,     ,     ,     ,     ,     ,
1968/09,112  ,41.9 ,5.84,       ,     ,      ,       ,       ,     ,     ,     ,     ,     ,
1968/10,112.4,41.9 ,5.84,       ,     ,      ,       ,       ,     ,     ,     ,     ,     ,
1968/11,112.5,42.3 ,5.84,       ,     ,      ,       ,       ,     ,     ,     ,     ,     ,
1968/12,112.5,42.5 ,5.84,       ,     ,      ,       ,       ,     ,     ,     ,     ,     ,
1969/01,113.1,42.6 ,5.84,       ,     ,      ,       ,       ,     ,     ,     ,     ,     ,
1969/02,113.4,42.7 ,5.84,       ,     ,      ,       ,       ,     ,     ,     ,     ,     ,
1969/03,113.7,43   ,5.84,       ,     ,      ,       ,       ,     ,     ,     ,     ,     ,
1969/04,114  ,43.3 ,5.84,       ,     ,      ,       ,       ,     ,     ,     ,     ,     ,
1969/05,114.5,43.6 ,5.84,       ,     ,      ,       ,       ,     ,     ,     ,     ,     ,
1969/06,114.9,43.8 ,5.84,       ,     ,      ,       ,       ,     ,     ,     ,     ,     ,
1969/07,115.5,43.5 ,5.84,       ,     ,      ,       ,       ,     ,     ,     ,     ,     ,
1969/08,115.7,43.5 ,5.84,       ,     ,      ,       ,       ,     ,     ,     ,     ,     ,
1969/09,116.4,43.3 ,6.25,       ,     ,      ,       ,       ,     ,     ,     ,     ,     ,
1969/10,116.9,43.5 ,6.25,       ,     ,      ,       ,       ,     ,     ,     ,     ,     ,
1969/11,117.7,44   ,6.25,       ,     ,      ,       ,       ,     ,     ,     ,     ,     ,
1969/12,118.6,44   ,6.25,       ,     ,      ,       ,       ,     ,     ,     ,     ,     ,
1970/01,120.3,45   ,6.25,39944  ,2830 ,      ,       ,       ,     ,     ,     ,     ,     ,
1970/02,121  ,45.1 ,6.25,36741  ,2769 ,      ,       ,       ,     ,     ,     ,     ,     ,
1970/03,121  ,45.4 ,6.25,38554  ,2794 ,      ,       ,       ,     ,     ,     ,     ,     ,
1970/04,121  ,45.4 ,6.25,38362  ,2846 ,      ,       ,       ,     ,     ,     ,     ,     ,
1970/05,121.1,45.3 ,6.25,37895  ,2887 ,      ,       ,       ,     ,     ,     ,     ,     ,
1970/06,121.1,45   ,6.25,39234  ,2907 ,      ,       ,       ,     ,     ,     ,     ,     ,
1970/07,121  ,44.8 ,6.25,41504  ,2977 ,      ,       ,       ,     ,     ,     ,     ,     ,
1970/08,120.3,44.5 ,6.25,41196  ,3056 ,      ,       ,       ,     ,     ,     ,     ,     ,
1970/09,120.1,44.5 ,6.25,39295  ,3078 ,      ,       ,       ,     ,     ,     ,     ,     ,
1970/10,119.7,44.3 ,6   ,39775  ,3088 ,      ,       ,       ,     ,     ,     ,     ,     ,
1970/11,119.4,44.5 ,6   ,40136  ,3124 ,      ,       ,       ,     ,     ,     ,     ,     ,
1970/12,119.3,44.5 ,6   ,51548  ,3270 ,      ,       ,       ,     ,     ,     ,     ,     ,
1971/01,119.2,44.8 ,5.75,46204  ,3369 ,      ,       ,       ,     ,     ,     ,     ,     ,
1971/02,119.3,45   ,5.75,42782  ,3282 ,      ,       ,       ,     ,     ,     ,     ,     ,
1971/03,119.3,45.4 ,5.75,44522  ,3269 ,      ,       ,       ,     ,     ,     ,     ,     ,
1971/04,119.4,45.7 ,5.75,44577  ,3320 ,      ,       ,       ,     ,     ,     ,     ,     ,
1971/05,119.7,45.7 ,5.5 ,44126  ,3386 ,      ,       ,       ,     ,     ,     ,     ,     ,
1971/06,119.7,45.7 ,5.5 ,45429  ,3407 ,      ,       ,       ,     ,     ,     ,     ,     ,
1971/07,120.1,45.9 ,5.25,48425  ,3478 ,      ,       ,       ,     ,     ,     ,     ,     ,
1971/08,119.3,45.9 ,5.25,47833  ,3568 ,      ,       ,       ,     ,     ,     ,     ,     ,
1971/09,118.2,44.3 ,5.25,45871  ,3591 ,      ,       ,       ,     ,     ,     ,     ,     ,
1971/10,117.7,43.6 ,5.25,46302  ,3600 ,      ,       ,       ,     ,     ,     ,     ,     ,
1971/11,116.9,43.3 ,5.25,46173  ,3642 ,      ,       ,       ,     ,     ,     ,     ,     ,
1971/12,115.8,42.6 ,4.75,59180  ,3814 ,      ,       ,       ,     ,     ,     ,     ,     ,
1972/01,114.6,42.5 ,4.75,53188  ,3944 ,      ,       ,       ,     ,     ,     ,     ,     ,
1972/02,114  ,42.3 ,4.75,49295  ,3870 ,      ,       ,       ,     ,     ,     ,     ,     ,
1972/03,113.7,42.3 ,4.75,51356  ,3864 ,      ,       ,       ,     ,     ,     ,     ,     ,
1972/04,114  ,42.5 ,4.75,51570  ,3929 ,      ,       ,       ,     ,     ,     ,     ,     ,
1972/05,114.6,42.5 ,4.75,50973  ,4020 ,      ,       ,       ,     ,     ,     ,     ,     ,
1972/06,114.9,42.5 ,4.25,53419  ,4054 ,      ,       ,       ,     ,     ,     ,     ,     ,
1972/07,114.6,42.1 ,4.25,56944  ,4135 ,      ,       ,       ,     ,     ,     ,     ,     ,
1972/08,114.9,42.3 ,4.25,56199  ,4234 ,      ,       ,       ,     ,     ,     ,     ,     ,
1972/09,115.2,42.7 ,4.25,54778  ,4276 ,      ,       ,       ,     ,     ,     ,     ,     ,
1972/10,115.7,43.6 ,4.25,55929  ,4302 ,      ,       ,       ,     ,     ,     ,     ,     ,
1972/11,116  ,44.2 ,4.25,56650  ,4357 ,      ,       ,       ,     ,     ,     ,     ,     ,
1972/12,116.6,45.4 ,4.25,73257  ,4574 ,      ,       ,       ,     ,     ,     ,     ,     ,
1973/01,118.2,48   ,4.25,67129  ,4719 ,301.93,       ,       ,     ,     ,     ,     ,     ,
1973/02,117.7,47.1 ,4.25,62154  ,4632 ,279.48,       ,       ,     ,     ,     ,     ,     ,
1973/03,118.3,48   ,4.25,65387  ,4618 ,265.26,       ,       ,     ,     ,     ,     ,     ,
1973/04,120.3,47.7 ,5   ,65772  ,4679 ,265.52,       ,       ,     ,     ,     ,     ,     ,
1973/05,121.9,48.7 ,5.5 ,65212  ,4764 ,264.73,       ,       ,     ,     ,     ,     ,     ,
1973/06,123.7,50.1 ,5.5 ,68087  ,4795 ,264.7 ,       ,       ,     ,     ,     ,     ,     ,
1973/07,125.5,52.2 ,6   ,72620  ,4886 ,264.41,       ,       ,     ,     ,     ,     ,     ,
1973/08,127.5,54   ,7   ,71736  ,5002 ,265.11,       ,       ,     ,     ,     ,     ,     ,
1973/09,129.4,53.7 ,7   ,69650  ,5054 ,265.49,       ,       ,     ,     ,     ,     ,     ,
1973/10,133.6,55   ,7   ,70550  ,5088 ,266.32,       ,       ,     ,     ,     ,     ,     ,
1973/11,139.6,58.8 ,7   ,71751  ,5173 ,277.05,       ,       ,     ,     ,     ,     ,     ,
1973/12,143.5,61.4 ,9   ,91841  ,5428 ,280   ,       ,       ,     ,     ,     ,     ,     ,
1974/01,155.6,69   ,9   ,82600  ,5576 ,298.64,       ,       ,     ,     ,     ,     ,     ,
1974/02,160.4,80.4 ,9   ,75688  ,5481 ,291.24,       ,       ,     ,     ,     ,     ,     ,
1974/03,160.2,81.7 ,9   ,78512  ,5433 ,282.58,       ,       ,     ,     ,     ,     ,     ,
1974/04,163.2,83.7 ,9   ,78337  ,5455 ,277.78,       ,       ,     ,     ,     ,     ,     ,
1974/05,166.3,85.8 ,9   ,79073  ,5517 ,278.93,       ,       ,     ,     ,     ,     ,     ,
1974/06,168.9,87   ,9   ,83055  ,5533 ,283.05,       ,       ,     ,     ,     ,     ,     ,
1974/07,175.1,89.9 ,9   ,88589  ,5607 ,290.91,       ,       ,     ,     ,     ,     ,     ,
1974/08,179.4,93.4 ,9   ,87276  ,5726 ,302.22,       ,       ,     ,     ,     ,     ,     ,
1974/09,178  ,92.7 ,9   ,83792  ,5780 ,299.63,       ,       ,     ,     ,     ,     ,     ,
1974/10,177.4,93.7 ,9   ,83685  ,5809 ,299.48,       ,       ,     ,     ,     ,     ,     ,
1974/11,175.5,94.4 ,9   ,84366  ,5868 ,300.1 ,       ,       ,     ,     ,     ,     ,     ,
1974/12,173.7,94.9 ,9   ,107473 ,6095 ,300.44,       ,       ,     ,     ,     ,     ,     ,
1975/01,171.9,94.4 ,9   ,97676  ,6225 ,299.64,       ,       ,     ,     ,     ,     ,     ,
1975/02,165.8,92.5 ,9   ,89443  ,6118 ,292.17,       ,       ,     ,     ,     ,     ,     ,
1975/03,162.7,90.6 ,9   ,92949  ,6060 ,288.03,       ,       ,     ,     ,     ,     ,     ,
1975/04,163  ,91.7 ,8.5 ,91697  ,6081 ,292.12,       ,       ,     ,     ,     ,     ,     ,
1975/05,162.5,91.7 ,8.5 ,90805  ,6144 ,291.47,       ,       ,     ,     ,     ,     ,     ,
1975/06,162.1,91.4 ,8   ,94071  ,6171 ,293.57,       ,       ,     ,     ,     ,     ,     ,
1975/07,161  ,92.5 ,8   ,98104  ,6252 ,296.22,       ,       ,     ,     ,     ,     ,     ,
1975/08,161.3,94.1 ,7.5 ,97601  ,6359 ,297.93,       ,       ,     ,     ,     ,     ,     ,
1975/09,160.4,94.6 ,7.5 ,93208  ,6407 ,299.68,       ,       ,     ,     ,     ,     ,     ,
1975/10,160.3,95.8 ,6.5 ,93400  ,6466 ,302.38,       ,       ,     ,     ,     ,     ,     ,
1975/11,159.9,96.9 ,6.5 ,93800  ,6545 ,302.53,       ,       ,     ,     ,     ,     ,     ,
1975/12,160.4,97.9 ,6.5 ,117566 ,6776 ,305.7 ,       ,       ,     ,     ,     ,     ,     ,
1976/01,160.4,98.2 ,6.5 ,107291 ,6915 ,304.66,       ,       ,     ,     ,     ,     ,     ,
1976/02,161  ,98.6 ,6.5 ,99351  ,6810 ,301.9 ,       ,       ,     ,     ,     ,     ,     ,
1976/03,161.3,98.6 ,6.5 ,102599 ,6760 ,300.6 ,       ,       ,     ,     ,     ,     ,     ,
1976/04,162.1,98.8 ,6.5 ,102250 ,6783 ,299.1 ,       ,       ,     ,     ,     ,     ,     ,
1976/05,162.5,99.5 ,6.5 ,101871 ,6837 ,299.06,       ,       ,     ,     ,     ,     ,     ,
1976/06,163.7,99.9 ,6.5 ,104077 ,6834 ,299.4 ,       ,       ,     ,     ,     ,     ,     ,
1976/07,162.5,99.8 ,6.5 ,109290 ,6885 ,294.77,       ,       ,     ,     ,     ,     ,     ,
1976/08,161.2,97.9 ,6.5 ,107682 ,6989 ,290.77,       ,       ,     ,     ,     ,     ,     ,
1976/09,160.2,96.9 ,6.5 ,103434 ,7031 ,287.58,       ,       ,     ,     ,     ,     ,     ,
1976/10,160.7,97.5 ,6.5 ,104670 ,7049 ,290.99,       ,       ,     ,     ,     ,     ,     ,
1976/11,161.2,98.6 ,6.5 ,104665 ,7114 ,295.09,       ,       ,     ,     ,     ,     ,     ,
1976/12,161  ,98.2 ,6.5 ,130861 ,7387 ,294.65,       ,       ,     ,     ,     ,     ,     ,
1977/01,159.2,98.2 ,6.5 ,118306 ,7513 ,290.94,       ,       ,     ,     ,     ,     ,     ,
1977/02,157.6,98.8 ,6.5 ,109747 ,7412 ,285.22,       ,       ,     ,     ,     ,     ,     ,
1977/03,155.9,98.8 ,6   ,113544 ,7361 ,280.41,       ,       ,     ,     ,     ,     ,     ,
1977/04,154.7,98   ,5   ,112257 ,7374 ,275.14,       ,       ,     ,     ,     ,     ,     ,
1977/05,155.9,98.1 ,5   ,110392 ,7414 ,277.53,       ,       ,     ,     ,     ,     ,     ,
1977/06,154.8,95.8 ,5   ,113309 ,7407 ,272.97,       ,       ,     ,     ,     ,     ,     ,
1977/07,153  ,92.6 ,5   ,119439 ,7467 ,264.9 ,       ,       ,     ,     ,     ,     ,     ,
1977/08,153.6,92.5 ,5   ,117265 ,7585 ,266.63,       ,       ,     ,     ,     ,     ,     ,
1977/09,154.2,92.6 ,4.25,112977 ,7620 ,266.95,       ,       ,     ,     ,     ,     ,     ,
1977/10,151.4,89.9 ,4.25,112666 ,7664 ,255.32,       ,       ,     ,     ,     ,     ,     ,
1977/11,148.5,87   ,4.25,113112 ,7676 ,244.7 ,       ,       ,     ,     ,     ,     ,     ,
1977/12,147.4,85.6 ,4.25,141280 ,7914 ,241.28,       ,       ,     ,     ,     ,     ,     ,
1978/01,147.5,85.6 ,4.25,128013 ,8029 ,241.21,       ,       ,     ,     ,     ,     ,     ,
1978/02,148.8,85.7 ,4.25,118496 ,7911 ,240.31,       ,       ,     ,     ,     ,     ,     ,
1978/03,147.5,84.3 ,3.5 ,123325 ,7853 ,231.42,       ,       ,     ,     ,     ,     ,     ,
1978/04,145.8,81   ,3.5 ,123188 ,7873 ,221.61,       ,       ,     ,     ,     ,     ,     ,
1978/05,148.5,82.2 ,3.5 ,120364 ,7929 ,226.34,       ,       ,     ,     ,     ,     ,     ,
1978/06,145.8,79.4 ,3.5 ,124334 ,7929 ,214.38,       ,       ,     ,     ,     ,     ,     ,
1978/07,142.2,74   ,3.5 ,130126 ,8001 ,199.95,       ,       ,     ,     ,     ,     ,     ,
1978/08,138  ,70.3 ,3.5 ,129571 ,8123 ,188.5 ,       ,       ,     ,     ,     ,     ,     ,
1978/09,139  ,71.3 ,3.5 ,124720 ,8158 ,190.16,       ,       ,     ,     ,     ,     ,     ,
1978/10,137.3,70.7 ,3.5 ,125278 ,8171 ,183.95,       ,       ,     ,     ,     ,     ,     ,
1978/11,140.2,72.2 ,3.5 ,126634 ,8233 ,191.33,       ,       ,     ,     ,     ,     ,     ,
1978/12,143.1,74.4 ,3.5 ,156906 ,8490 ,196.12,       ,       ,     ,     ,     ,     ,     ,
1979/01,144.5,76.5 ,3.5 ,143793 ,8637 ,197.78,       ,       ,     ,     ,     ,     ,     ,
1979/02,146.7,79.4 ,3.5 ,132536 ,8510 ,200.53,       ,       ,     ,     ,     ,     ,     ,
1979/03,150.3,81.7 ,3.5 ,137769 ,8464 ,206.21,       ,       ,     ,     ,     ,     ,     ,
1979/04,154.8,86.6 ,4.25,138954 ,8525 ,215.83,       ,       ,     ,     ,     ,     ,     ,
1979/05,157.6,92.8 ,4.25,137482 ,8632 ,218.14,       ,       ,     ,     ,     ,     ,     ,
1979/06,159.2,96   ,4.25,139499 ,8654 ,218.85,       ,       ,     ,     ,     ,     ,     ,
1979/07,159.7,101.2,5.25,144416 ,8714 ,216.44,       ,       ,     ,     ,     ,     ,     ,
1979/08,161  ,106.5,5.25,144608 ,8817 ,217.9 ,       ,       ,     ,     ,     ,     ,     ,
1979/09,163.1,110.2,5.25,139315 ,8562 ,222.22,       ,       ,     ,     ,     ,     ,     ,
1979/10,167.2,114.4,5.25,138840 ,8865 ,230.36,       ,       ,     ,     ,     ,     ,     ,
1979/11,173.3,122.9,6.25,140450 ,8914 ,244.86,       ,       ,     ,     ,     ,     ,     ,
1979/12,173.7,129.5,6.25,171738 ,9173 ,240.65,       ,       ,     ,     ,     ,     ,     ,
1980/01,174.6,141  ,6.25,157150 ,9296 ,237.73,       ,       ,     ,     ,     ,     ,     ,
1980/02,177.3,150.3,7.25,145454 ,9156 ,244.07,       ,       ,     ,     ,     ,     ,     ,
1980/03,179.7,152.4,9   ,152116 ,9086 ,248.61,       ,       ,     ,     ,     ,     ,     ,
1980/04,181.7,154.3,9   ,152833 ,9104 ,251.45,       ,       ,     ,     ,     ,     ,     ,
1980/05,174.4,145.1,9   ,148682 ,9176 ,228.06,       ,       ,     ,     ,     ,     ,     ,
1980/06,169.8,140.7,9   ,151108 ,9174 ,218.11,       ,       ,     ,     ,     ,     ,     ,
1980/07,170.9,142.6,9   ,154078 ,9209 ,220.91,       ,       ,     ,     ,     ,     ,     ,
1980/08,172.5,146.1,8.25,152784 ,9300 ,224.34,       ,       ,     ,     ,     ,     ,     ,
1980/09,169.4,142.9,8.25,145469 ,9331 ,214.95,       ,       ,     ,     ,     ,     ,     ,
1980/10,168.1,138.9,8.25,145225 ,9334 ,209.21,       ,       ,     ,     ,     ,     ,     ,
1980/11,169.4,140.7,7.25,147414 ,9382 ,212.99,       ,       ,     ,     ,     ,     ,     ,
1980/12,168.4,139.5,7.25,177458 ,9624 ,209.79,       ,       ,     ,     ,     ,     ,     ,
1981/01,166.3,137.2,7.25,162167 ,9768 ,202.19,       ,       ,     ,     ,     ,     ,     ,
1981/02,167.5,139.3,7.25,149177 ,9619 ,205.76,       ,       ,     ,     ,     ,     ,     ,
1981/03,169  ,141.6,6.25,155219 ,9525 ,208.84,       ,       ,     ,     ,     ,     ,     ,
1981/04,171.9,144.4,6.25,153879 ,9516 ,215.07,       ,       ,     ,     ,     ,     ,     ,
1981/05,174.8,147.9,6.25,152870 ,9571 ,220.78,       ,       ,     ,     ,     ,     ,     ,
1981/06,176.9,149.7,6.25,155557 ,9536 ,224.21,       ,       ,     ,     ,     ,     ,     ,
1981/07,180  ,152.1,6.25,160660 ,9568 ,232.11,       ,       ,     ,     ,     ,     ,     ,
1981/08,181.4,152.9,6.25,160449 ,9688 ,233.62,       ,       ,     ,     ,     ,     ,     ,
1981/09,180  ,151.1,6.25,153301 ,9705 ,229.83,       ,       ,     ,     ,     ,     ,     ,
1981/10,180.2,151.6,6.25,153628 ,9701 ,231.4 ,       ,       ,     ,     ,     ,     ,     ,
1981/11,177.3,149.1,6.25,155816 ,9746 ,223.76,       ,       ,     ,     ,     ,     ,     ,
1981/12,175.5,145.9,5.5 ,189522 ,10016,219.02,       ,       ,     ,     ,     ,     ,     ,
1982/01,177.3,147.6,5.5 ,170058 ,10148,224.55,       ,       ,     ,     ,     ,     ,     ,
1982/02,180.7,152.5,5.5 ,158631 ,9980 ,235.25,       ,       ,     ,     ,     ,     ,     ,
1982/03,182.3,154.9,5.5 ,165114 ,9906 ,240.64,       ,       ,     ,     ,     ,     ,     ,
1982/04,183.3,156.7,5.5 ,165628 ,10355,244.9 ,       ,       ,     ,     ,     ,     ,     ,
1982/05,178.9,153.2,5.5 ,164473 ,10444,236.97,       ,       ,     ,     ,     ,     ,     ,
1982/06,183.7,157.4,5.5 ,165907 ,10468,251.11,       ,       ,     ,     ,     ,     ,     ,
1982/07,184.8,160.9,5.5 ,171772 ,10561,255.1 ,       ,       ,     ,     ,     ,     ,     ,
1982/08,183.7,162.4,5.5 ,171675 ,10724,258.67,       ,       ,     ,     ,     ,     ,     ,
1982/09,184.3,164.3,5.5 ,164803 ,10814,262.74,       ,       ,     ,     ,     ,     ,     ,
1982/10,185.5,167.7,5.5 ,165972 ,10869,271.33,       ,       ,     ,     ,     ,     ,     ,
1982/11,182.3,166.1,5.5 ,167272 ,10970,265.02,       ,       ,     ,     ,     ,     ,     ,
1982/12,175.1,157.2,5.5 ,201178 ,11318,242.49,       ,       ,     ,     ,     ,     ,     ,
1983/01,171.1,151.7,5.5 ,181899 ,11499,232.9 ,       ,       ,     ,     ,     ,     ,     ,
1983/02,170.9,152.1,5.5 ,170822 ,11364,236.27,       ,       ,     ,     ,     ,     ,     ,
1983/03,171.1,148.6,5.5 ,177135 ,11341,237.92,       ,       ,     ,     ,     ,     ,     ,
1983/04,171.1,147.1,5.5 ,176417 ,11444,237.7 ,       ,       ,     ,     ,     ,     ,     ,
1983/05,170.2,143  ,5.5 ,173034 ,11616,234.78,       ,       ,     ,     ,     ,     ,     ,
1983/06,171.7,144.4,5.5 ,174383 ,11677,240.06,       ,       ,     ,     ,     ,     ,     ,
1983/07,171.7,144.7,5.5 ,180388 ,11796,240.49,       ,       ,     ,     ,     ,     ,     ,
1983/08,172.7,147  ,5.5 ,179920 ,12022,244.36,       ,       ,     ,     ,     ,     ,     ,
1983/09,172.1,146.9,5.5 ,172869 ,12154,242.71,       ,       ,     ,     ,     ,     ,     ,
1983/10,169.5,142.6,5   ,173550 ,12257,233   ,       ,       ,     ,     ,     ,     ,     ,
1983/11,169.9,142.6,5   ,173301 ,12383,235.25,       ,       ,     ,     ,     ,     ,     ,
1983/12,169.8,142  ,5   ,208807 ,12780,234.34,       ,       ,     ,     ,     ,     ,     ,
1984/01,169.4,141.8,5   ,189067 ,13043,233.95,       ,       ,     ,     ,     ,     ,     ,
1984/02,170.5,141.6,5   ,176585 ,12916,233.67,       ,       ,     ,     ,     ,     ,     ,
1984/03,167.8,138.9,5   ,182581 ,12878,225.52,       ,       ,     ,     ,     ,     ,     ,
1984/04,167.7,138.7,5   ,182787 ,12957,224.95,       ,       ,     ,     ,     ,     ,     ,
1984/05,170.1,140.1,5   ,178930 ,13092,230.67,       ,       ,     ,     ,     ,     ,     ,
1984/06,171.5,140.1,5   ,179613 ,13100,233.29,       ,       ,     ,     ,     ,     ,     ,
1984/07,174.8,141.6,5   ,188902 ,13178,242.72,       ,       ,     ,     ,     ,     ,     ,
1984/08,174.6,141.8,5   ,185916 ,13364,242.24,       ,       ,     ,     ,     ,     ,     ,
1984/09,175.1,142.4,5   ,180727 ,13438,245.19,       ,       ,     ,     ,     ,     ,     ,
1984/10,175.1,142.6,5   ,179880 ,13468,246.89,       ,       ,     ,     ,     ,     ,     ,
1984/11,173.4,141.5,5   ,184929 ,13561,243.29,       ,       ,     ,     ,     ,     ,     ,
1984/12,174.3,142.1,5   ,220192 ,13906,247.96,       ,       ,     ,     ,     ,     ,     ,
1985/01,177.2,146.1,5   ,203262 ,14162,254.11,       ,       ,     ,     ,     ,     ,     ,
1985/02,178.9,148.2,5   ,188356 ,14030,260.34,       ,       ,     ,     ,     ,     ,     ,
1985/03,178.1,147  ,5   ,194962 ,14211,258.43,       ,       ,     ,     ,     ,     ,     ,
1985/04,175.5,145  ,5   ,194124 ,14278,251.67,       ,       ,     ,     ,     ,     ,     ,
1985/05,175  ,144.2,5   ,190854 ,14414,251.57,       ,       ,     ,     ,     ,     ,     ,
1985/06,173.4,142.1,5   ,190491 ,14379,248.95,       ,       ,     ,     ,     ,     ,     ,
1985/07,170.8,138.7,5   ,200171 ,14433,241.7 ,6.4375 ,6.4167 ,     ,     ,     ,     ,     ,
1985/08,168.9,135.8,5   ,197023 ,14623,237.2 ,6.3125 ,6.2476 ,     ,     ,     ,     ,     ,
1985/09,167.2,134.4,5   ,190941 ,14668,236.91,6.9375 ,6.4972 ,     ,     ,     ,     ,     ,
1985/10,159.9,126.9,5   ,190626 ,14670,214.84,7.375  ,6.66   ,     ,     ,     ,     ,     ,
1985/11,155.6,122.1,5   ,193681 ,14725,203.85,7.75   ,7.4185 ,     ,     ,     ,     ,     ,
1985/12,154.1,121.3,5   ,231790 ,15372,202.75,9.0625 ,8.2425 ,     ,     ,     ,     ,     ,
1986/01,155.1,121  ,4.5 ,214640 ,15716,200.05,7      ,7.0455 ,     ,     ,     ,     ,     ,
1986/02,149.7,112.6,4.5 ,199754 ,15449,184.62,6.5    ,6.0256 ,     ,     ,     ,     ,     ,
1986/03,147.5,100.5,4   ,206135 ,15307,178.83,5.625  ,5.7552 ,     ,     ,     ,     ,     ,
1986/04,146.1,92.8 ,3.5 ,205660 ,15329,175.56,5.25   ,4.9661 ,     ,     ,     ,     ,     ,
1986/05,142.5,85.6 ,3.5 ,203980 ,15483,166.89,4.5    ,4.3984 ,     ,     ,     ,     ,     ,
1986/06,143.4,84.1 ,3.5 ,204455 ,15393,167.82,4.8125 ,4.5234 ,     ,     ,     ,     ,     ,
1986/07,140  ,78.3 ,3.5 ,215502 ,15462,158.65,4.8125 ,4.6298 ,     ,     ,     ,     ,     ,
1986/08,138.2,73.6 ,3.5 ,215396 ,15667,154.11,4.75   ,4.6771 ,     ,     ,     ,     ,     ,
1986/09,138.9,74.4 ,3.5 ,207914 ,15718,154.78,5      ,4.7585 ,     ,     ,     ,     ,     ,
1986/10,140  ,77.3 ,3.5 ,208057 ,16398,156.04,4.5    ,4.5365 ,     ,     ,     ,     ,     ,
1986/11,143.1,79.5 ,3   ,212695 ,26072,162.72,3.8125 ,3.9048 ,     ,     ,     ,     ,     ,
1986/12,143.1,80.3 ,3   ,247212 ,26862,162.13,4.5625 ,4.315  ,     ,     ,     ,     ,     ,
1987/01,140.2,80   ,3   ,233024 ,26491,154.48,5      ,4.3304 ,     ,     ,     ,     ,     ,
1987/02,139.1,81   ,2.5 ,220023 ,25997,153.49,4.0625 ,4.2768 ,     ,     ,     ,     ,     ,
1987/03,138.8,81.3 ,2.5 ,228214 ,25766,151.56,3.9375 ,3.9922 ,     ,     ,     ,     ,     ,
1987/04,135.2,78.8 ,2.5 ,227551 ,25740,142.96,3.75   ,3.7147 ,     ,     ,     ,     ,     ,
1987/05,133.6,78.8 ,2.5 ,227661 ,26411,140.47,3.25   ,3.2955 ,     ,     ,     ,     ,     ,
1987/06,136.1,80.4 ,2.5 ,225620 ,26363,144.52,3.625  ,3.3073 ,     ,     ,     ,     ,     ,
1987/07,139.6,83.4 ,2.5 ,237295 ,26372,150.2 ,3.3125 ,3.295  ,     ,     ,     ,     ,     ,
1987/08,138.8,84   ,2.5 ,237040 ,26528,147.57,3.5    ,3.3151 ,     ,     ,     ,     ,     ,
1987/09,136.7,82.7 ,2.5 ,229599 ,26513,143.03,3.8125 ,3.5142 ,     ,     ,     ,     ,     ,
1987/10,136.8,83.4 ,2.5 ,230813 ,26488,143.48,3.625  ,3.5    ,     ,     ,     ,     ,     ,
1987/11,134.1,81   ,2.5 ,234617 ,26539,135.25,3.75   ,3.5268 ,     ,     ,     ,     ,     ,
1987/12,131.5,78.8 ,2.5 ,271854 ,27013,128.25,4.125  ,3.9575 ,     ,     ,     ,     ,     ,
1988/01,131.3,77.3 ,2.5 ,255024 ,27323,127.44,4      ,3.6994 ,     ,     ,     ,     ,     ,
1988/02,131.9,77.5 ,2.5 ,244550 ,27063,129.26,4.0625 ,3.5852 ,     ,     ,     ,     ,     ,
1988/03,131.7,77.8 ,2.5 ,254766 ,26969,127.23,5      ,3.7734 ,     ,     ,     ,     ,     ,
1988/04,132.2,76.5 ,2.5 ,256421 ,27062,124.88,3.5625 ,3.4946 ,     ,     ,     ,     ,     ,
1988/05,131.7,76.5 ,2.5 ,256788 ,27266,124.74,3.5    ,3.4643 ,     ,     ,     ,     ,     ,
1988/06,132.8,78.3 ,2.5 ,251269 ,27162,127.2 ,3.8125 ,3.5938 ,     ,     ,     ,     ,     ,
1988/07,136  ,79.9 ,2.5 ,264287 ,27211,133.1 ,3.9375 ,3.8646 ,     ,     ,     ,     ,     ,
1988/08,137  ,79.4 ,2.5 ,260826 ,27456,133.63,4.1875 ,3.98   ,     ,     ,     ,     ,     ,
1988/09,137.4,79.5 ,2.5 ,252873 ,27611,134.45,5      ,4.0852 ,     ,     ,     ,     ,     ,
1988/10,135.3,77.8 ,2.5 ,254271 ,27641,128.85,4.5625 ,4.1712 ,     ,     ,     ,     ,     ,
1988/11,132.8,74.2 ,2.5 ,256534 ,27728,123.16,3.875  ,3.9432 ,     ,     ,     ,     ,     ,
1988/12,132.7,73.9 ,2.5 ,298143 ,28235,123.63,4.375  ,4.3625 ,     ,     ,     ,     ,     ,
1989/01,134.3,76.1 ,2.5 ,282531 ,28543,127.24,4.4375 ,4.09375,     ,     ,     ,     ,     ,
1989/02,134.6,78.1 ,2.5 ,273709 ,28340,127.77,4.5625 ,4.17928,     ,     ,     ,     ,     ,
1989/03,136  ,79.5 ,2.5 ,281875 ,28481,130.35,4.5    ,4.25426,     ,     ,     ,     ,     ,
1989/04,136.7,81.7 ,2.5 ,281739 ,28801,132.01,4.46875,4.42031,     ,     ,     ,     ,     ,
1989/05,139.1,84.7 ,3.25,283167 ,29131,138.4 ,4.96875,4.675  ,     ,     ,     ,     ,     ,
1989/06,142.7,86.6 ,3.25,278641 ,28989,143.92,5.25   ,5.13778,     ,     ,     ,     ,     ,
1989/07,141.3,85.5 ,3.25,293061 ,29016,140.63,5.34375,5.2247 ,     ,     ,     ,     ,     ,
1989/08,140.7,85.1 ,3.25,290048 ,29239,141.2 ,5.53125,5.38043,     ,     ,     ,     ,     ,
1989/09,142.7,86.2 ,3.25,282604 ,29312,145.06,5.78125,5.43125,     ,     ,     ,     ,     ,
1989/10,141.3,84.9 ,3.75,282849 ,29294,141.99,6.3125 ,6.00893,     ,     ,     ,     ,     ,
1989/11,142.2,85.2 ,3.75,286838 ,29394,143.55,6.46875,6.15156,     ,     ,     ,     ,     ,
1989/12,142.2,85.2 ,4.25,332852 ,29899,143.62,6.65625,6.44792,     ,     ,     ,     ,     ,
1990/01,144  ,86.7 ,4.25,320103 ,30249,145.09,6.625  ,6.58059,     ,     ,     ,     ,     ,
1990/02,144  ,87.7 ,4.25,301496 ,29996,145.54,6.75   ,6.64309,     ,     ,     ,     ,     ,
1990/03,147.8,90.8 ,5.25,308935 ,29968,153.19,6.875  ,6.81696,     ,     ,     ,     ,     ,
1990/04,150.4,92.7 ,5.25,322436 ,30354,158.5 ,7.3125 ,7.1625 ,     ,     ,     ,     ,     ,
1990/05,147.3,90.8 ,5.25,309964 ,30559,153.52,7.4375 ,7.25893,     ,     ,     ,     ,     ,
1990/06,146.6,89.6 ,5.25,301889 ,30304,153.78,7.59375,7.36458,     ,     ,     ,     ,     ,
1990/07,144.5,87.8 ,5.25,316978 ,30299,149.23,7.5625 ,7.52415,     ,     ,     ,     ,     ,
1990/08,143.8,88.8 ,6   ,311538 ,30551,147.46,7.78125,7.54348,     ,     ,     ,     ,     ,
1990/09,138.6,90.7 ,6   ,304257 ,30610,138.96,8.15625,7.76316,     ,     ,     ,     ,     ,
1990/10,133.9,92.6 ,6   ,303830 ,30764,129.73,8      ,7.81108,     ,     ,     ,     ,     ,
1990/11,133.2,93.2 ,6   ,304495 ,31225,129.01,8.28125,8.07656,     ,     ,     ,     ,     ,
1990/12,135.6,93.9 ,6   ,352692 ,31826,133.72,8.34375,8.22969,     ,     ,     ,     ,     ,
1991/01,136.6,91.3 ,6   ,335522 ,32104,133.65,8.0625 ,8.05428,     ,     ,     ,     ,     ,
1991/02,134.3,86.7 ,6   ,311071 ,31688,130.44,8.28125,8.12007,     ,     ,     ,     ,     ,
1991/03,137.3,84.9 ,6   ,318690 ,31867,137.09,8.5625 ,8.27813,     ,     ,     ,     ,     ,
1991/04,136.2,83.7 ,6   ,316982 ,33505,137.15,8.21875,8.23363,     ,     ,     ,     ,     ,
1991/05,136.5,83.2 ,6   ,313897 ,33617,138.02,8.03125,8.03274,     ,     ,     ,     ,     ,
1991/06,136.8,83.5 ,6   ,310436 ,33335,139.83,8.09375,8.04063,     ,     ,     ,     ,     ,
1991/07,135.6,82.2 ,5.5 ,323718 ,33311,137.98,7.5    ,7.4606 ,     ,     ,     ,     ,     ,
1991/08,135.3,81.5 ,5.5 ,316540 ,33436,136.85,7.53125,7.48438,     ,     ,     ,     ,     ,
1991/09,134  ,80.7 ,5.5 ,308030 ,33374,134.59,7.09375,7.04934,     ,     ,     ,     ,     ,
1991/10,131.5,79.5 ,5.5 ,308288 ,33314,130.81,6.625  ,6.85795,     ,     ,     ,     ,     ,
1991/11,131.6,80   ,5   ,310508 ,33384,129.64,6.25   ,6.38281,     ,     ,     ,     ,     ,
1991/12,131.3,79.4 ,4.5 ,357782 ,33934,128.07,5.5625 ,6.30952,     ,     ,     ,     ,     ,
1992/01,128.9,77   ,4.5 ,341691 ,34244,125.05,5.625  ,5.52632,     ,     ,     ,     ,     ,
1992/02,129.9,77.5 ,4.5 ,317856 ,33759,127.53,5.71875,5.68257,     ,     ,     ,     ,     ,
1992/03,133.3,79   ,4.5 ,324140 ,33524,132.75,6.5    ,5.65327,     ,     ,     ,     ,     ,
1992/04,134.1,79.5 ,3.75,321026 ,33637,133.59,4.8125 ,4.76637,     ,     ,     ,     ,     ,
1992/05,132.7,79.4 ,3.75,320734 ,33876,130.55,4.78125,4.74507,     ,     ,     ,     ,     ,
1992/06,130  ,78.1 ,3.75,315450 ,33616,126.9 ,4.75   ,4.75284,     ,     ,     ,     ,     ,
1992/07,129.9,79   ,3.25,330888 ,33617,125.66,4.09375,4.53125,     ,     ,     ,     ,     ,
1992/08,130.5,79.5 ,3.25,327401 ,33838,126.34,4.1875 ,4.11905,     ,     ,     ,     ,     ,
1992/09,128.3,77.6 ,3.25,315945 ,33818,122.72,5.5    ,4.22656,     ,     ,     ,     ,     ,
1992/10,126.5,75.9 ,3.25,317504 ,33762,121.14,4      ,4.07386,     ,     ,     ,     ,     ,
1992/11,127.1,76.4 ,3.25,319842 ,33853,123.84,3.90625,3.94572,     ,     ,     ,     ,     ,
1992/12,127.1,76.4 ,3.25,364992 ,34453,123.98,3.90625,3.89489,     ,     ,     ,     ,     ,
1993/01,127.6,76.3 ,3.25,345892 ,34681,125.02,3.875  ,3.89967,     ,     ,     ,     ,     ,
1993/02,124.5,74.8 ,2.5 ,328419 ,34197,120.97,3.21875,3.27632,     ,     ,     ,     ,     ,
1993/03,122.2,73.6 ,2.5 ,333475 ,33991,117.02,4.5    ,3.24185,     ,     ,     ,     ,     ,
1993/04,119.9,72.3 ,2.5 ,334620 ,34130,112.37,3.25   ,3.17857,     ,     ,     ,     ,     ,
1993/05,118.3,71.6 ,2.5 ,336014 ,34518,110.23,3.21875,3.2066 ,     ,     ,     ,     ,     ,
1993/06,116.3,69.9 ,2.5 ,327692 ,34492,107.29,3.3125 ,3.21429,     ,     ,     ,     ,     ,
1993/07,116.9,69.2 ,2.5 ,343955 ,34446,107.77,3.3125 ,3.26278,     ,     ,     ,     ,     ,
1993/08,114.5,66.2 ,2.5 ,338510 ,34662,103.72,3.03125,3.12926,     ,     ,     ,     ,     ,
1993/09,116.9,65.9 ,1.75,328791 ,35504,105.27,3.09375,2.85781,     ,     ,     ,     ,     ,
1993/10,118.3,65.6 ,1.75,331745 ,35492,106.94,2.5    ,2.50781,3.949,4.39 ,4.043,4.175,5.091,
1993/11,118.6,66.2 ,1.75,332342 ,35572,107.81,2.40625,2.49531,3.793,4.14 ,3.861,4.046,4.988,
1993/12,120.1,66.7 ,1.75,378985 ,36155,109.72,2.4375 ,2.44196,3.611,3.828,3.661,3.903,4.802,
1994/01,121.9,67   ,1.75,361172 ,36354,111.49,2.28125,2.33125,3.597,3.871,3.653,3.823,4.706,
1994/02,117.9,65.5 ,1.75,343459 ,35853,106.14,2.21875,2.24013,3.51 ,3.811,3.582,3.695,4.628,
1994/03,117.5,65.3 ,1.75,349854 ,35685,105.12,4.5    ,2.25   ,3.327,3.859,3.475,3.634,4.573,
1994/04,116.5,64.4 ,1.75,349809 ,35921,103.48,2.21875,2.175  ,3.482,4.04 ,3.611,3.602,4.551,
1994/05,116.9,65.4 ,1.75,350284 ,36205,104   ,2.09375,2.09046,3.446,3.939,3.552,3.589,4.537,
1994/06,116.4,65.9 ,1.75,341655 ,35851,102.69,2.09375,2.0625 ,3.358,3.836,3.469,3.563,4.504,
1994/07,113.8,64.9 ,1.75,360790 ,35875,98.54 ,2.125  ,2.08185,3.443,3.963,3.56 ,3.549,4.485,
1994/08,114.6,66.2 ,1.75,355575 ,36202,99.86 ,2.15625,2.13043,3.424,3.954,3.545,3.546,4.473,
1994/09,114.3,66.2 ,1.75,352498 ,36344,98.79 ,2.375  ,2.18906,3.318,3.901,3.466,3.537,4.459,2.48
1994/10,114.6,66.2 ,1.75,349504 ,36416,98.4  ,2.28125,2.2375 ,3.441,3.958,3.554,3.523,4.449,2.27
1994/11,114.3,67   ,1.75,347979 ,36509,98    ,2.28125,2.26719,3.368,3.992,3.493,3.516,4.437,2.29
1994/12,115.5,68.6 ,1.75,395025 ,37101,100.17,2.28125,2.29315,3.358,3.881,3.478,3.503,4.458,2.32
1995/01,116.3,69.2 ,1.75,379828 ,37304,99.79 ,2.25   ,2.25   ,3.373,3.875,3.472,3.495,4.453,2.26
1995/02,115.2,68.7 ,1.75,358868 ,36797,98.23 ,2.21875,2.21719,3.325,3.835,3.435,3.487,4.437,2.23
1995/03,110.6,66.1 ,1.75,365100 ,36546,90.77 ,1.75   ,2.18892,3.14 ,3.7  ,3.296,3.463,4.396,2.26
1995/04,105.9,62.4 ,1   ,365225 ,36747,83.53 ,1.3125 ,1.525  ,2.989,3.499,3.107,3.347,4.326,1.54
1995/05,106.7,62.4 ,1   ,365414 ,37013,85.21 ,1.32   ,1.31   ,2.757,3.18 ,2.859,3.182,4.165,1.32
1995/06,106.7,62   ,1   ,358936 ,36686,84.54 ,1.27   ,1.28   ,2.596,3.005,2.701,3.003,4.019,1.23
1995/07,109.4,62.5 ,1   ,376375 ,36697,87.24 ,0.84   ,0.95   ,2.423,2.866,2.54 ,2.867,3.914,0.95
1995/08,115  ,65.1 ,1   ,371702 ,36934,94.56 ,0.86   ,0.88   ,2.388,2.84 ,2.52 ,2.771,3.807,0.85
1995/09,119.4,67.6 ,0.5 ,369267 ,36949,100.31,0.53   ,0.57   ,2.026,2.652,2.211,2.559,3.675,0.66
1995/10,119.4,67.9 ,0.5 ,373320 ,36940,100.68,0.47   ,0.47   ,2.037,2.614,2.185,2.42 ,3.552,0.48
1995/11,119.9,68.6 ,0.5 ,377287 ,37135,101.89,0.47   ,0.46   ,1.939,2.535,2.087,2.322,3.473,0.5
1995/12,119.4,68.6 ,0.5 ,420884 ,37790,101.86,0.46   ,0.46   ,1.866,2.438,2.017,2.239,3.249,0.5
1996/01,121.5,70.7 ,0.5 ,412043 ,38022,105.81,0.49   ,0.47   ,1.913,2.54 ,2.068,2.203,3.194,0.47
1996/02,120.8,70.7 ,0.5 ,393051 ,37584,105.7 ,0.46   ,0.46   ,1.905,2.626,2.084,2.182,3.169,0.47
1996/03,120.3,70.6 ,0.5 ,401680 ,37437,105.85,0.49   ,0.46   ,1.798,2.554,2.033,2.162,3.13 ,0.68
1996/04,120.4,71.5 ,0.5 ,401209 ,37645,107.4 ,0.5    ,0.49   ,1.949,2.604,2.106,2.146,3.11 ,0.54
1996/05,118.1,71.2 ,0.5 ,400055 ,37907,106.49,0.49   ,0.47   ,1.964,2.662,2.146,2.148,3.099,0.53
1996/06,118.9,71.8 ,0.5 ,397004 ,37645,108.82,0.47   ,0.47   ,1.849,2.584,2.028,2.133,3.082,0.51
1996/07,118.4,72   ,0.5 ,409924 ,37691,109.25,0.5    ,0.48   ,1.93 ,2.651,2.108,2.132,3.064,0.53
1996/08,116.9,71.4 ,0.5 ,406779 ,37929,107.84,0.47   ,0.44   ,1.877,2.583,2.046,2.119,3.048,0.51
1996/09,117.7,72.1 ,0.5 ,401439 ,37942,109.76,0.52   ,0.47   ,1.8  ,2.425,1.967,2.119,3.029,0.53
1996/10,118.9,74.1 ,0.5 ,403000 ,37950,112.3 ,0.49   ,0.48   ,1.88 ,2.454,2.01 ,2.108,3.006,0.48
1996/11,118.3,75.5 ,0.5 ,407197 ,38091,112.27,0.48   ,0.48   ,1.84 ,2.392,1.972,2.093,2.984,0.48
1996/12,118.9,76.3 ,0.5 ,454145 ,38746,113.74,0.44   ,0.49   ,1.814,1.929,1.848,2.064,2.929,0.5
1997/01,120.8,78.7 ,0.5 ,446171 ,39112,118.18,0.48   ,0.48   ,1.859,2.291,1.957,2.059,2.912,0.5
1997/02,124.1,81.5 ,0.5 ,423087 ,38952,123.01,0.47   ,0.5    ,1.814,2.245,1.922,2.052,2.89 ,0.51
1997/03,123.7,80.5 ,0.5 ,433759 ,38732,122.66,0.72   ,0.51   ,1.732,2.153,1.869,2.053,2.858,0.61
1997/04,125.2,80.8 ,0.5 ,430806 ,38870,125.47,0.53   ,0.5    ,1.82 ,2.411,1.958,2.031,2.85 ,0.54
1997/05,121  ,77.9 ,0.5 ,429709 ,38975,118.91,0.5    ,0.49   ,1.808,2.424,1.977,2.031,2.838,0.56
1997/06,116.8,75.3 ,0.5 ,428755 ,38770,114.31,0.52   ,0.5    ,1.79 ,2.284,1.913,2.027,2.815,0.58
1997/07,117.1,74.5 ,0.5 ,441886 ,38880,115.1 ,0.5    ,0.49   ,1.818,2.391,1.959,2.022,2.797,0.59
1997/08,118.5,75.1 ,0.5 ,438881 ,39391,117.89,0.51   ,0.48   ,1.753,2.297,1.883,2.013,2.782,0.55
1997/09,120.7,75.9 ,0.5 ,432129 ,39359,120.74,0.65   ,0.5    ,1.733,2.123,1.845,2.003,2.757,0.63
1997/10,120.3,76   ,0.5 ,434851 ,39323,121.13,0.48   ,0.48   ,1.8  ,2.258,1.908,1.988,2.735,0.51
1997/11,122.7,77.5 ,0.5 ,446042 ,39463,125.35,0.39   ,0.49   ,1.71 ,2.2  ,1.825,1.966,2.72 ,0.57
1997/12,125.1,78.9 ,0.5 ,501416 ,40114,129.52,0.47   ,0.39   ,1.867,2.179,1.947,1.991,2.702,1.18
1998/01,124.5,77.8 ,0.5 ,490014 ,40443,129.45,0.48   ,0.44   ,1.795,2.333,1.914,1.989,2.696,0.89
1998/02,121.7,74.5 ,0.5 ,468963 ,40228,125.85,0.47   ,0.43   ,1.812,2.274,1.92 ,2.004,2.689,0.88
1998/03,122.7,74   ,0.5 ,476192 ,39995,128.83,0.7    ,0.43   ,1.741,2.172,1.878,1.99 ,2.659,1.04
1998/04,124.1,74.4 ,0.5 ,474856 ,40010,131.81,0.46   ,0.44   ,1.772,2.329,1.906,1.972,2.649,0.63
1998/05,125.6,75.1 ,0.5 ,474813 ,40158,135.08,0.47   ,0.43   ,1.755,2.208,1.873,1.967,2.637,0.54
1998/06,128.8,76.9 ,0.5 ,469275 ,39963,140.35,0.34   ,0.44   ,1.788,2.082,1.869,1.964,2.623,0.55
1998/07,128.2,76.6 ,0.5 ,484505 ,39989,140.66,0.46   ,0.41   ,1.786,2.234,1.902,1.958,2.615,0.67
1998/08,130  ,77.4 ,0.5 ,480263 ,40159,144.76,0.45   ,0.43   ,1.776,2.155,1.873,1.958,2.61 ,0.62
1998/09,124.1,74.3 ,0.5 ,474499 ,40133,134.5 ,0.47   ,0.32   ,1.711,2.174,1.839,1.922,2.589,0.57
1998/10,116.8,70   ,0.5 ,478860 ,40107,121.33,0.33   ,0.24   ,1.718,2.221,1.855,1.907,2.575,0.49
1998/11,115.2,68.9 ,0.5 ,482978 ,40266,120.61,0.3    ,0.2    ,1.729,2.175,1.87 ,1.89 ,2.564,0.47
1998/12,113.2,67.3 ,0.5 ,520932 ,40903,117.4 ,0.32   ,0.25   ,1.744,2.21 ,1.889,1.887,2.549,0.54
1999/01,110.6,65   ,0.5 ,508729 ,41077,113.14,0.24   ,0.23   ,1.732,2.299,1.877,1.881,2.549,0.43
1999/02,112.5,65.8 ,0.5 ,492080 ,40635,116.73,0.1    ,0.18   ,1.684,2.145,1.81 ,1.871,2.548,0.3
1999/03,113.7,66.3 ,0.5 ,500589 ,40445,119.71,0.05   ,0.04   ,1.592,2.04 ,1.747,1.829,2.516,0.22
1999/04,113.8,67   ,0.5 ,501942 ,40542,119.66,0.03   ,0.03   ,1.627,2.093,1.745,1.786,2.498,0.11
1999/05,115  ,68.5 ,0.5 ,504889 ,40736,122.14,0.03   ,0.03   ,1.628,1.958,1.718,1.781,2.476,0.07
1999/06,114  ,68.6 ,0.5 ,497360 ,40502,120.81,0.03   ,0.03   ,1.628,1.949,1.723,1.773,2.445,0.05
1999/07,113.4,68.9 ,0.5 ,513684 ,40503,119.76,0.03   ,0.03   ,1.719,2.052,1.819,1.783,2.431,0.05
1999/08,109.7,67.7 ,0.5 ,508981 ,40661,113.3 ,0.03   ,0.03   ,1.729,1.951,1.795,1.77 ,2.422,0.05
1999/09,106.4,66.5 ,0.5 ,503710 ,40660,107.45,0.05   ,0.03   ,1.655,2.002,1.77 ,1.763,2.413,0.06
1999/10,107  ,67.1 ,0.5 ,507916 ,40683,106   ,0.02   ,0.02   ,1.717,2.036,1.811,1.766,2.404,0.04
1999/11,105.9,67   ,0.5 ,511897 ,40911,104.83,0.02   ,0.03   ,1.746,1.905,1.792,1.762,2.392,0.1
1999/12,104.4,66.5 ,0.5 ,573635 ,41546,102.61,0.05   ,0.02   ,1.74 ,2.02 ,1.822,1.773,2.383,0.52
2000/01,105.1,69   ,0.5 ,566194 ,41749,105.21,0.02   ,0.02   ,1.697,1.946,1.764,1.751,2.374,0.07
2000/02,108.1,71.1 ,0.5 ,528835 ,41270,109.34,0.05   ,0.03   ,1.69 ,1.843,1.739,1.747,2.363,0.07
2000/03,105.9,69.9 ,0.5 ,540866 ,41009,106.62,0.04   ,0.02   ,1.553,1.889,1.673,1.72 ,2.342,0.11
2000/04,104.6,69.2 ,0.5 ,554012 ,41052,105.35,0.02   ,0.02   ,1.647,2.019,1.748,1.717,2.337,0.06
2000/05,105.9,69.5 ,0.5 ,544058 ,41183,108.13,0.03   ,0.02   ,1.702,1.82 ,1.738,1.724,2.329,0.06
2000/06,105.2,68.9 ,0.5 ,530318 ,40955,106.13,0.03   ,0.02   ,1.673,1.885,1.739,1.718,2.318,0.08
2000/07,105.8,70.3 ,0.5 ,542879 ,40914,107.9 ,0.02   ,0.02   ,1.667,1.985,1.757,1.711,2.311,0.17
2000/08,105.3,70.5 ,0.5 ,537489 ,41439,108.02,0.25   ,0.16   ,1.749,1.874,1.788,1.724,2.317,0.24
2000/09,103.7,69.6 ,0.5 ,537160 ,41391,106.75,0.28   ,0.25   ,1.651,1.94 ,1.75 ,1.748,2.33 ,0.39
2000/10,104.1,71   ,0.5 ,548034 ,41352,108.34,0.25   ,0.25   ,1.876,2.071,1.93 ,1.754,2.337,0.31
2000/11,103.9,71.2 ,0.5 ,555209 ,41465,108.87,0.26   ,0.25   ,1.836,1.953,1.871,1.759,2.34 ,0.42
2000/12,106.5,72.6 ,0.5 ,595613 ,41939,112.21,0.2    ,0.24   ,1.852,2.021,1.906,1.783,2.36 ,0.81
2001/01,109.3,72.9 ,0.5 ,589233 ,42134,117.1 ,0.25   ,0.25   ,1.841,2.009,1.886,1.775,2.356,0.46
2001/02,108.5,71.5 ,0.35,563757 ,41773,116.1 ,0.26   ,0.25   ,1.828,1.85 ,1.835,1.756,2.347,0.36
2001/03,111.2,74   ,0.25,570388 ,41579,121.21,0.12   ,0.11   ,1.522,1.704,1.595,1.733,2.304,0.19
2001/04,111.2,74.5 ,0.25,575153 ,41687,123.77,0.02   ,0.02   ,1.636,1.848,1.7  ,1.68 ,2.278,0.08
2001/05,109.6,73.4 ,0.25,577040 ,41857,121.83,0.03   ,0.02   ,1.554,1.708,1.602,1.633,2.255,0.04
2001/06,108.7,73.1 ,0.25,577253 ,41665,122.19,0.06   ,0.02   ,1.531,1.708,1.588,1.61 ,2.213,0.04
2001/07,109.8,73.9 ,0.25,595119 ,41691,124.63,0.02   ,0.01   ,1.666,1.81 ,1.71 ,1.594,2.196,0.04
2001/08,108  ,71.6 ,0.25,585255 ,41834,121.53,0.01   ,0.01   ,1.637,1.668,1.648,1.58 ,2.185,0.05
2001/09,105.8,69.8 ,0.1 ,583735 ,41797,118.91,0.003  ,0.005  ,1.412,1.588,1.478,1.534,2.168,0.03
2001/10,105.9,70.1 ,0.1 ,590130 ,41832,121.32,0.003  ,0.003  ,1.678,1.797,1.715,1.525,2.16 ,0.03
2001/11,105.9,68.6 ,0.1 ,599689 ,41996,122.33,0.003  ,0.002  ,1.672,1.541,1.628,1.552,2.152,0.06
2001/12,108.7,70.1 ,0.1 ,643769 ,42604,127.32,0.002  ,0.002  ,1.597,1.659,1.619,1.569,2.131,0.13
2002/01,111.6,71.6 ,0.1 ,648110 ,42843,132.66,0.001  ,0.001  ,1.615,1.638,1.622,1.56 ,2.121,0.09
2002/02,111.9,71.7 ,0.1 ,633389 ,42446,133.53,0.001  ,0.001  ,1.579,1.529,1.561,1.559,2.113,0.11
2002/03,111.2,71.3 ,0.1 ,653759 ,42216,131.15,0.012  ,0.002  ,1.485,1.648,1.555,1.588,2.104,0.24
2002/04,110.9,72.9 ,0.1 ,668155 ,42374,131.01,0.002  ,0.001  ,1.567,1.762,1.63 ,1.561,2.092,0.13
2002/05,107.9,71.7 ,0.1 ,668968 ,42649,126.39,0.002  ,0.001  ,1.64 ,1.525,1.598,1.553,2.086,0.08
2002/06,106.1,70.5 ,0.1 ,661411 ,42506,123.44,0.002  ,0.001  ,1.559,1.698,1.606,1.551,2.092,0.06
2002/07,103.6,68.4 ,0.1 ,668793 ,42522,118.08,0.001  ,0.002  ,1.717,1.769,1.734,1.556,2.09 ,0.04
2002/08,103.8,68.9 ,0.1 ,666929 ,42653,119.03,0.002  ,0.002  ,1.374,1.499,1.416,1.533,2.085,0.05
2002/09,104.7,70   ,0.1 ,662761 ,42663,120.49,0.067  ,0.005  ,1.658,1.637,1.65 ,1.531,2.075,0.07
2002/10,106.4,72.1 ,0.1 ,664395 ,42692,123.88,0.002  ,0.002  ,1.541,1.75 ,1.609,1.522,2.067,0.09
2002/11,105.1,71.4 ,0.1 ,670184 ,42876,121.54,0.002  ,0.002  ,1.536,1.539,1.537,1.519,2.063,0.1
2002/12,105.4,70.8 ,0.1 ,708145 ,43398,122.17,0.002  ,0.002  ,1.614,1.616,1.615,1.525,2.042,0.09
2003/01,104.1,70.7 ,0.1 ,708834 ,43584,118.67,0.001  ,0.002  ,1.68 ,1.714,1.692,1.52 ,2.037,0.08
2003/02,105  ,72.3 ,0.1 ,686170 ,43246,119.29,0.001  ,0.001  ,1.594,1.522,1.565,1.541,2.031,0.08
2003/03,104.5,72.7 ,0.1 ,695076 ,43051,118.49,0.021  ,0.002  ,1.628,1.588,1.61 ,1.54 ,2.014,0.09
2003/04,105.2,72   ,0.1 ,698211 ,43077,119.82,0.002  ,0.001  ,1.664,1.738,1.69 ,1.546,2.007,0.05
2003/05,104.4,69.9 ,0.1 ,700112 ,43143,117.26,0.002  ,0.001  ,1.615,1.402,1.526,1.574,1.997,0.05
2003/06,105  ,70.4 ,0.1 ,696116 ,43016,118.27,0.001  ,0.001  ,1.582,1.661,1.611,1.568,1.989,0.03
2003/07,104.6,70.7 ,0.1 ,704165 ,43059,118.65,0.002  ,0.002  ,1.682,1.739,1.704,1.576,1.985,0.04
2003/08,104.3,71.2 ,0.1 ,701656 ,43207,118.81,0.001  ,0.001  ,1.316,1.486,1.381,1.54 ,1.981,0.04
2003/09,102.1,69.9 ,0.1 ,696304 ,43240,115.09,0.013  ,0.002  ,1.585,1.684,1.629,1.494,1.979,0.07
2003/10,99   ,67.6 ,0.1 ,695638 ,43303,109.58,0.002  ,0.001  ,1.655,1.74 ,1.688,1.492,1.976,0.03
2003/11,98.8 ,68   ,0.1 ,699673 ,43485,109.18,0.001  ,0.001  ,1.438,1.517,1.468,1.478,1.974,0.02
2003/12,98.8 ,68.4 ,0.1 ,731283 ,43990,107.87,0.001  ,0.001  ,1.652,1.675,1.661,1.464,1.973,0.03
2004/01,99.3 ,68.9 ,0.1 ,727139 ,44148,106.39,0.001  ,0      ,1.627,1.686,1.648,1.465,1.968,0.03
2004/02,100.4,69.6 ,0.1 ,704728 ,43851,106.54,0.001  ,0.001  ,1.418,1.478,1.443,1.482,1.963,0.02
2004/03,101.7,71.2 ,0.1 ,707069 ,43681,108.57,0.005  ,0.001  ,1.54 ,1.553,1.546,1.455,1.944,0.05
2004/04,99.7 ,71.7 ,0.1 ,709062 ,43715,107.31,0.001  ,0      ,1.534,1.677,1.588,1.435,1.94 ,0.02
2004/05,103.2,74.5 ,0.1 ,712335 ,43889,112.27,0.002  ,0.001  ,1.478,1.418,1.453,1.433,1.936,0.03
2004/06,101.5,74.4 ,0.1 ,702819 ,43829,109.45,0.002  ,0.001  ,1.553,1.68 ,1.606,1.432,1.93 ,0.02
2004/07,102.2,74.2 ,0.1 ,711698 ,43871,109.34,0.001  ,0      ,1.542,1.741,1.621,1.441,1.926,0.02
2004/08,103.2,75   ,0.1 ,710146 ,44011,110.41,0.001  ,0.001  ,1.404,1.496,1.442,1.41 ,1.921,0.02
2004/09,103.2,76.1 ,0.1 ,711848 ,44061,110.05,0.005  ,0.001  ,1.54 ,1.536,1.538,1.389,1.906,0.03
2004/10,103.3,75.5 ,0.1 ,710096 ,44163,108.9 ,0.002  ,0.001  ,1.53 ,1.684,1.592,1.403,1.902,0.02
2004/11,101.3,74.5 ,0.1 ,724627 ,44309,104.86,0.001  ,0.001  ,1.507,1.446,1.482,1.402,1.896,0.03
2004/12,100.7,73.4 ,0.1 ,748668 ,44734,103.82,0.002  ,0.001  ,1.501,1.618,1.553,1.399,1.89 ,0.02
2005/01,100.8,74.5 ,0.1 ,746097 ,44871,103.27,0.001  ,0.001  ,1.542,1.565,1.551,1.394,1.884,0.03
2005/02,102.2,76.2 ,0.1 ,722207 ,44683,104.84,0.001  ,0.001  ,1.255,1.427,1.324,1.375,1.883,0.02
2005/03,102.6,77.3 ,0.1 ,733042 ,44540,105.3 ,0.022  ,0.002  ,1.434,1.4  ,1.415,1.35 ,1.86 ,0.06
2005/04,103.2,81.3 ,0.1 ,740715 ,44529,107.35,0.001  ,0.001  ,1.332,1.516,1.407,1.319,1.854,0.06
2005/05,101.9,80.9 ,0.1 ,740809 ,44573,106.94,0.002  ,0.001  ,1.494,1.343,1.427,1.322,1.845,0.03
2005/06,102.2,81.2 ,0.1 ,727636 ,44349,108.62,0.001  ,0.001  ,1.306,1.512,1.395,1.305,1.836,0.04
2005/07,104  ,84.2 ,0.1 ,736087 ,44233,111.94,0.001  ,0.001  ,1.4  ,1.408,1.404,1.31 ,1.822,0.04
2005/08,103.4,84.6 ,0.1 ,732365 ,44288,110.65,0.001  ,0.001  ,1.41 ,1.212,1.311,1.316,1.805,0.04
2005/09,103.6,86   ,0.1 ,730651 ,44299,111.03,0.004  ,0.001  ,1.334,1.348,1.341,1.271,1.789,0.03
2005/10,105.2,88.6 ,0.1 ,730566 ,44345,114.84,0      ,0.001  ,1.303,1.499,1.391,1.282,1.785,0.03
2005/11,106.7,89.9 ,0.1 ,732589 ,44491,118.45,0.001  ,0.001  ,1.235,1.377,1.296,1.254,1.781,0.03
2005/12,106.7,89.5 ,0.1 ,763121 ,44859,118.6 ,0.004  ,0.001  ,1.355,1.433,1.395,1.27 ,1.774,0.04
2006/01,104.6,88.7 ,0.1 ,760040 ,44987,115.33,0.001  ,0.001  ,1.356,1.532,1.428,1.259,1.768,0.05
2006/02,106  ,92.1 ,0.1 ,738828 ,44724,117.81,0.002  ,0.001  ,1.308,1.443,1.374,1.259,1.769,0.1
2006/03,105.6,91.8 ,0.1 ,743874 ,44521,117.31,0.004  ,0.002  ,1.18 ,1.384,1.292,1.214,1.76 ,0.15
2006/04,106  ,92.8 ,0.1 ,743547 ,44619,117.13,0.006  ,0.002  ,1.164,1.638,1.363,1.213,1.763,0.08
2006/05,104.1,92.2 ,0.1 ,745519 ,44760,111.53,0.021  ,0.02   ,1.229,1.532,1.367,1.229,1.767,0.14
2006/06,105.8,94.4 ,0.1 ,734456 ,44600,114.57,0.027  ,0.036  ,1.354,1.55 ,1.448,1.25 ,1.782,0.24
2006/07,107.2,95.8 ,0.4 ,740971 ,44555,115.59,0.267  ,0.155  ,1.451,1.655,1.545,1.287,1.792,0.38
2006/08,107.9,97.8 ,0.4 ,740449 ,44647,115.86,0.266  ,0.25   ,1.321,1.606,1.449,1.306,1.819,0.39
2006/09,108.7,98.8 ,0.4 ,737148 ,44658,117.02,0.339  ,0.261  ,1.478,1.513,1.499,1.357,1.845,0.39
2006/10,109  ,97.3 ,0.4 ,737348 ,44691,118.59,0.256  ,0.254  ,1.576,1.711,1.638,1.386,1.86 ,0.36
2006/11,108  ,95.2 ,0.4 ,739249 ,44822,117.33,0.271  ,0.257  ,1.443,1.701,1.563,1.417,1.865,0.38
2006/12,108.3,95.5 ,0.4 ,766969 ,45143,117.26,0.275  ,0.255  ,1.592,1.611,1.602,1.45 ,1.899,0.47
2007/01,109.7,98.1 ,0.4 ,765125 ,45280,120.59,0.282  ,0.267  ,1.567,1.695,1.625,1.464,1.905,0.5
2007/02,109.7,96.1 ,0.75,748201 ,45061,120.49,0.589  ,0.357  ,1.613,1.63 ,1.622,1.513,1.913,0.54
2007/03,108.1,95.8 ,0.75,753603 ,44902,117.29,0.715  ,0.509  ,1.508,1.655,1.594,1.538,1.932,0.66
2007/04,109.7,98.9 ,0.75,753051 ,44972,118.81,0.539  ,0.511  ,1.666,1.81 ,1.734,1.585,1.96 ,0.59
2007/05,111.2,102.7,0.75,753971 ,45064,120.77,0.544  ,0.521  ,1.567,1.752,1.654,1.599,1.969,0.6
2007/06,112.6,104.3,0.75,746596 ,44914,122.64,0.605  ,0.51   ,1.616,1.742,1.682,1.596,1.998,0.61
2007/07,112.3,104.1,0.75,752954 ,44884,121.56,0.516  ,0.499  ,1.818,1.834,1.826,1.625,2.006,0.62
2007/08,108.7,101.8,0.75,749744 ,44972,116.74,0.498  ,0.485  ,1.667,1.72 ,1.693,1.644,2.016,0.71
2007/09,107.7,101  ,0.75,747946 ,45002,115.01,0.675  ,0.51   ,1.716,1.689,1.699,1.667,2.028,0.71
2007/10,108.4,104.5,0.75,749865 ,45071,115.77,0.524  ,0.506  ,1.785,1.815,1.799,1.668,2.033,0.62
2007/11,105.6,103.2,0.75,751580 ,45215,111.24,0.52   ,0.5    ,1.524,1.716,1.613,1.669,2.035,0.64
2007/12,105.9,107.2,0.75,780036 ,45575,112.28,0.459  ,0.497  ,1.647,1.705,1.677,1.673,2.046,0.81
2008/01,103.3,104.8,0.75,776902 ,45739,107.6 ,0.508  ,0.502  ,1.467,1.667,1.554,1.619,2.042,0.64
2008/02,103.9,106.2,0.75,756569 ,45513,107.18,0.512  ,0.504  ,1.56 ,1.605,1.583,1.591,2.037,0.68
2008/03,100.7,103.4,0.75,759282 ,45363,100.83,0.641  ,0.511  ,1.726,1.605,1.65 ,1.59 ,2.026,0.72
2008/04,103.2,110.3,0.75,757564 ,45371,102.41,0.522  ,0.506  ,1.557,1.71 ,1.629,1.569,2.022,0.63
2008/05,105  ,114.9,0.75,759585 ,45404,104.11,0.527  ,0.505  ,1.445,1.663,1.554,1.575,2.02 ,0.65
2008/06,108  ,123.6,0.75,751914 ,45281,106.86,0.572  ,0.509  ,1.611,1.732,1.675,1.563,2.021,0.69
2008/07,109.2,126.8,0.75,757150 ,45232,106.76,0.519  ,0.503  ,1.453,1.756,1.587,1.573,2.02 ,0.67
2008/08,109.2,129.5,0.75,756144 ,45280,109.24,0.516  ,0.504  ,1.48 ,1.624,1.551,1.579,2.019,0.66
2008/09,105.8,120.8,0.75,751178 ,45301,106.71,0.544  ,0.495  ,1.718,1.662,1.684,1.554,2.019,0.78
2008/10,98.1 ,107  ,0.5 ,756037 ,45329,100.2 ,0.384  ,0.487  ,1.52 ,1.737,1.618,1.564,2.021,1.03
2008/11,93.5 ,93.2 ,0.5 ,759854 ,45434,96.89 ,0.318  ,0.301  ,1.334,1.591,1.454,1.539,2.012,1.27
2008/12,90   ,81.9 ,0.3 ,784262 ,45770,91.21 ,0.103  ,0.211  ,1.448,1.629,1.545,1.494,1.989,1.34
2009/01,89   ,77.9 ,0.3 ,779825 ,45846,90.35 ,0.128  ,0.12   ,1.173,1.592,1.373,1.446,1.961,0.64
2009/02,89.6 ,79   ,0.3 ,761880 ,45568,92.53 ,0.109  ,0.111  ,1.276,1.461,1.377,1.403,1.932,0.66
2009/03,93.2 ,81.9 ,0.3 ,765414 ,45308,97.83 ,0.088  ,0.1    ,1.406,1.509,1.47 ,1.34 ,1.904,0.63
2009/04,94.5 ,81.9 ,0.3 ,764847 ,45280,98.92 ,0.113  ,0.104  ,1.148,1.502,1.309,1.298,1.89 ,0.46
2009/05,92.9 ,80   ,0.3 ,768223 ,45326,96.43 ,0.099  ,0.102  ,1.115,1.417,1.266,1.271,1.878,0.36
2009/06,93.9 ,82.4 ,0.3 ,758829 ,45181,96.58 ,0.11   ,0.104  ,1.357,1.487,1.431,1.266,1.821,0.26
2009/07,92.2 ,83.7 ,0.3 ,762666 ,45142,94.49 ,0.105  ,0.102  ,1.233,1.48 ,1.363,1.286,1.808,0.27
2009/08,93.4 ,84.4 ,0.3 ,759799 ,45186,94.9  ,0.11   ,0.106  ,1.338,1.39 ,1.367,1.304,1.8  ,0.21
2009/09,91.4 ,83.4 ,0.3 ,758706 ,45240,91.4  ,0.103  ,0.102  ,1.307,1.44 ,1.39 ,1.261,1.79 ,0.22
2009/10,90.5 ,82.8 ,0.3 ,756165 ,45248,90.28 ,0.112  ,0.106  ,1.067,1.403,1.23 ,1.278,1.782,0.21
2009/11,90.2 ,83.5 ,0.3 ,757397 ,45270,89.11 ,0.113  ,0.105  ,1.13 ,1.405,1.262,1.27 ,1.776,
2009/12,90.1 ,85.9 ,0.3 ,781778 ,45462,89.52 ,0.094  ,0.101  ,1.243,1.409,1.338,1.256,1.761,
2010/01,91.4 ,88.1 ,0.3 ,778306 ,45509,91.26 ,0.095  ,0.096  ,0.999,1.386,1.19 ,1.26 ,1.753,
2010/02,90.9 ,87.9 ,0.3 ,762861 ,45233,90.28 ,0.097  ,0.101  ,1.203,1.346,1.284,1.254,1.745,
2010/03,91.1 ,87.4 ,0.3 ,768243 ,45041,90.56 ,0.082  ,0.097  ,1.359,1.355,1.356,1.213,1.729,
2010/04,93.6 ,92.1 ,0.3 ,771365 ,45067,93.43 ,0.096  ,0.093  ,0.93 ,1.347,1.121,1.194,1.72 ,
2010/05,92.1 ,92.4 ,0.3 ,772490 ,45153,91.79 ,0.089  ,0.091  ,0.993,1.251,1.127,1.196,1.712,
2010/06,90.9 ,90.1 ,0.3 ,764129 ,45032,90.89 ,0.096  ,0.095  ,1.089,1.344,1.229,1.16 ,1.703,
2010/07,88.6 ,87.9 ,0.3 ,770592 ,44979,87.67 ,0.098  ,0.094  ,1.061,1.263,1.169,1.197,1.694,
2010/08,87.1 ,85.9 ,0.3 ,768583 ,45033,85.44 ,0.095  ,0.095  ,1.16 ,1.247,1.209,1.166,1.687,
2010/09,86.8 ,85.6 ,0.3 ,766008 ,45037,84.31 ,0.113  ,0.091  ,1.214,1.235,1.228,1.118,1.672,
2010/10,86.3 ,84.4 ,0.3 ,767644 ,45040,81.8  ,0.093  ,0.091  ,0.951,1.229,1.095,1.151,1.664,
2010/11,87.1 ,86.5 ,0.3 ,770922 ,45096,82.43 ,0.09   ,0.091  ,1.167,1.213,1.192,1.179,1.656,
2010/12,88   ,88.6 ,0.3 ,797052 ,45294,83.38 ,0.079  ,0.087  ,1.079,1.218,1.161,1.187,1.646,
2011/01,88.2 ,90.4 ,0.3 ,794111 ,45400,82.63 ,0.087  ,0.085  ,0.967,1.221,1.095,1.178,1.639,
2011/02,89   ,91.9 ,0.3 ,781300 ,45171,82.52 ,0.091  ,0.093  ,0.93 ,1.204,1.081,1.152,1.634,
2011/03,89.1 ,93.6 ,0.3 ,796912 ,45022,81.82 ,0.062  ,0.085  ,1.082,1.146,1.126,1.135,1.614,
2011/04,91   ,98.6 ,0.3 ,799807 ,45124,83.34 ,0.064  ,0.062  ,1.191,1.199,1.196,1.146,1.607,
2011/05,89.4 ,99   ,0.3 ,794811 ,45187,81.23 ,0.067  ,0.069  ,0.982,1.19 ,1.081,1.099,1.598,
2011/06,88.8 ,97.3 ,0.3 ,785057 ,45013,80.49 ,0.067  ,0.069  ,1.116,1.258,1.195,1.133,1.592,
2011/07,88   ,97.1 ,0.3 ,791240 ,44958,79.44 ,0.078  ,0.073  ,0.95 ,1.189,1.07 ,1.124,1.585,
2011/08,86.4 ,95.2 ,0.3 ,789717 ,45028,77.09 ,0.075  ,0.081  ,1.003,1.214,1.11 ,1.119,1.578,
2011/09,86   ,93.6 ,0.3 ,788044 ,45034,76.78 ,0.075  ,0.08   ,0.971,1.129,1.063,1.069,1.563,
2011/10,85.2 ,93   ,0.3 ,787220 ,45051,76.72 ,0.081  ,0.081  ,1.354,1.296,1.325,1.09 ,1.556,
2011/11,84.8 ,92.8 ,0.3 ,789721 ,45106,77.5  ,0.081  ,0.077  ,0.941,1.248,1.08 ,1.104,1.548,
2011/12,84.6 ,93.6 ,0.3 ,815720 ,45364,77.81 ,0.075  ,0.078  ,1.04 ,1.175,1.108,1.102,1.538,
2012/01,84.1 ,91.8 ,0.3 ,812462 ,45466,76.94 ,0.075  ,0.08   ,1.069,1.212,1.137,1.105,1.529,
2012/02,85.7 ,93.7 ,0.3 ,798710 ,45215,78.47 ,0.081  ,0.085  ,0.802,1.177,0.966,1.074,1.522,
2012/03,88.8 ,99.5 ,0.3 ,804460 ,45052,82.37 ,0.076  ,0.084  ,1.056,1.078,1.07 ,1.071,1.503,
2012/04,88.3 ,99.6 ,0.3 ,806725 ,45087,81.42 ,0.08   ,0.075  ,1.207,1.207,1.207,1.044,1.495,
2012/05,86.2 ,96.7 ,0.3 ,807450 ,45149,79.7  ,0.095  ,0.084  ,0.91 ,1.126,1.011,1.044,1.486,
2012/06,85   ,94   ,0.3 ,802079 ,45031,79.27 ,0.076  ,0.076  ,1.042,1.152,1.099,1.03 ,1.478,
2012/07,84.1 ,91.2 ,0.3 ,809465 ,45044,78.96 ,0.09   ,0.084  ,1.132,1.243,1.186,1.024,1.47 ,
2012/08,84.2 ,91.3 ,0.3 ,808736 ,45143,78.68 ,0.093  ,0.086  ,0.93 ,1.154,1.04 ,1.042,1.462,
2012/09,84.2 ,92.7 ,0.3 ,806118 ,45196,78.17 ,0.078  ,0.085  ,0.961,1.106,1.047,1.034,1.45 ,
2012/10,84.7 ,92.7 ,0.3 ,807704 ,45212,78.97 ,0.089  ,0.085  ,1.136,1.156,1.146,1.013,1.442,
2012/11,85.8 ,93.8 ,0.3 ,810887 ,45285,80.92 ,0.091  ,0.086  ,0.88 ,1.141,1    ,1.022,1.434,
2012/12,87.7 ,96.5 ,0.3 ,838665 ,45605,83.6  ,0.076  ,0.082  ,1.127,1.112,1.119,1.034,1.424,
2013/01,91.6 ,101.7,0.3 ,838266 ,45742,89.15 ,0.082  ,0.083  ,1.093,1.13 ,1.111,1.013,1.415,
2013/02,94.8 ,105.9,0.3 ,823430 ,45522,93.07 ,0.083  ,0.087  ,0.751,1.08 ,0.909,0.982,1.405,
2013/03,95.4 ,107.5,0.3 ,828371 ,45368,94.73 ,0.058  ,0.078  ,0.882,1.008,0.962,0.965,1.381,
2013/04,96.2 ,109.1,0.3 ,831109 ,45433,97.74 ,0.071  ,0.072  ,1.1  ,1.217,1.158,0.93 ,1.373,
2013/05,97.6 ,110.4,0.3 ,832813 ,45549,101.01,0.073  ,0.073  ,0.821,1.085,0.956,0.931,1.362,
2013/06,94.9 ,106.8,0.3 ,828305 ,45480,97.52 ,0.07   ,0.074  ,0.767,1.155,0.95 ,0.899,1.35 ,
2013/07,96.2 ,108.2,0.3 ,834873 ,45498,99.66 ,0.073  ,0.073  ,1.031,1.153,1.089,0.89 ,1.341,
2013/08,94.9 ,106.9,0.3 ,835572 ,45611,97.83 ,0.072  ,0.073  ,0.73 ,1.132,0.911,0.894,1.333,
2013/09,95.9 ,109.2,0.3 ,833865 ,45661,99.3  ,0.062  ,0.072  ,0.983,1.044,1.021,0.882,1.319,
2013/10,95.5 ,108.3,0.3 ,835418 ,45693,97.73 ,0.072  ,0.07   ,1.092,1.126,1.11 ,0.867,1.312,
2013/11,96.6 ,110  ,0.3 ,839935 ,45774,100.04,0.071  ,0.073  ,0.802,1.062,0.927,0.871,1.305,
2013/12,98.8 ,113.6,0.3 ,870015 ,46101,103.42,0.068  ,0.074  ,0.905,1.034,0.973,0.88 ,1.297,
2014/01,99   ,114.6,0.3 ,871198 ,46233,103.94,0.071  ,0.073  ,0.965,1.097,1.031,0.868,1.291,
2014/02,97.7 ,112.5,0.3 ,854749 ,45994,102.02,0.072  ,0.077  ,0.708,1.055,0.872,0.872,1.284,
2014/03,97.6 ,112.2,0.3 ,861177 ,45870,102.3 ,0.044  ,0.072  ,0.886,0.915,0.905,0.854,1.265,
2014/04,97.5 ,111.8,0.3 ,860389 ,45936,102.54,0.065  ,0.065  ,1.044,1.08 ,1.062,0.826,1.259,
2014/05,96.8 ,110.9,0.3 ,861273 ,46013,101.78,0.069  ,0.068  ,0.737,0.904,0.82 ,0.827,1.251,
2014/06,96.7 ,111.2,0.3 ,856484 ,45950,102.05,0.058  ,0.067  ,0.907,1.066,0.99 ,0.839,1.243,
2014/07,96.5 ,110.9,0.3 ,863217 ,45962,101.73,0.065  ,0.066  ,0.939,1.048,0.997,0.84 ,1.237,
2014/08,97.3 ,111.6,0.3 ,864799 ,46025,102.95,0.07   ,0.069  ,0.643,1.005,0.808,0.838,1.231,
2014/09,99.3 ,114  ,0.3 ,862960 ,46053,107.16,0.029  ,0.066  ,1.029,0.909,0.951,0.852,1.219,
2014/10,99.1 ,112.7,0.3 ,865271 ,46085,108.03,0.06   ,0.059  ,0.777,1.003,0.887,0.807,1.212,
2014/11,103.4,115.9,0.3 ,870990 ,46161,116.24,0.067  ,0.065  ,0.868,0.996,0.932,0.833,1.205,
2014/12,104.1,114  ,0.3 ,901074 ,46430,119.29,0.066  ,0.068  ,1.023,0.875,0.936,0.85 ,1.192,
2015/01,101.2,106.6,0.3 ,901357 ,46545,118.25,0.071  ,0.074  ,0.862,0.972,0.917,0.849,1.186,
2015/02,100.1,100.7,0.3 ,886755 ,46378,118.59,0.074  ,0.076  ,0.699,0.906,0.805,0.856,1.177,
2015/03,100.9,102.6,0.3 ,892520 ,46280,120.37,0.015  ,0.07   ,0.944,0.826,0.862,0.84 ,1.158,
2015/04,100.2,101  ,0.3 ,895381 ,46292,119.57,0.063  ,0.061  ,0.716,1.023,0.863,0.821,1.152,
2015/05,101.4,101.5,0.3 ,899665 ,46335,120.82,0.073  ,0.069  ,0.742,0.85 ,0.801,0.807,1.144,
2015/06,102.9,104.3,0.3 ,896714 ,46270,123.7 ,0.011  ,0.072  ,0.873,0.974,0.929,0.783,1.137,
2015/07,101.7,102.9,0.3 ,906796 ,46254,123.31,0.064  ,0.074  ,0.824,0.991,0.915,0.771,1.131,
2015/08,100.9,100.4,0.3 ,910354 ,46302,123.17,0.071  ,0.076  ,0.661,0.954,0.804,0.769,1.125,
2015/09,98.2 ,96.2 ,0.3 ,913980 ,46397,120.13,0.01   ,0.073  ,0.891,0.857,0.869,0.771,1.116,
2015/10,97.3 ,95   ,0.3 ,917792 ,46488,119.99,0.074  ,0.076  ,0.663,0.975,0.817,0.764,1.111,
2015/11,98   ,95.7 ,0.3 ,924879 ,46563,122.58,0.076  ,0.078  ,0.804,1.038,0.924,0.76 ,1.106,
2015/12,97.3 ,93.2 ,0.3 ,955628 ,46790,121.78,0.038  ,0.075  ,0.938,0.92 ,0.927,0.778,1.099,
2016/01,94.7 ,88.3 ,0.3 ,956932 ,46849,118.18,0.066  ,0.074  ,0.68 ,0.939,0.806,0.765,1.094,
2016/02,92.7 ,84.4 ,0.3 ,944904 ,46694,115.01,-0.001 ,0.033  ,0.706,0.867,0.793,0.757,1.084,
2016/03,92   ,83.2 ,0.3 ,951906 ,46642,113.05,-0.002 ,-0.003 ,0.66 ,0.705,0.69 ,0.707,1.057,
2016/04,91   ,82.4 ,0.3 ,956074 ,46706,109.72,-0.056 ,-0.037 ,0.68 ,0.794,0.747,0.707,1.044,
2016/05,90.6 ,82.4 ,0.3 ,957942 ,46799,109.24,-0.054 ,-0.059 ,0.657,0.695,0.678,0.673,1.029,
2016/06,88.8 ,81.6 ,0.3 ,951991 ,46732,105.44,-0.064 ,-0.055 ,0.657,0.822,0.751,0.646,1.018,
2016/07,88.2 ,81.5 ,0.3 ,960075 ,46735,103.97,-0.046 ,-0.043 ,0.681,0.778,0.736,0.648,1.008,
2016/08,87.1 ,79.9 ,0.3 ,962598 ,46808,101.28,-0.048 ,-0.043 ,0.58 ,0.813,0.703,0.63 ,1    ,
2016/09,87.5 ,80.7 ,0.3 ,961605 ,46874,101.99,-0.06  ,-0.052 ,0.759,0.763,0.761,0.627,0.989,
2016/10,88.6 ,81.6 ,0.3 ,964126 ,46917,103.81,-0.047 ,-0.037 ,0.674,0.87 ,0.779,0.62 ,0.982,
2016/11,91.2 ,86.3 ,0.3 ,968657 ,47042,108.33,-0.054 ,-0.049 ,0.622,0.833,0.731,0.62 ,0.976,
2016/12,95.5 ,90.5 ,0.3 ,998207 ,47307,116.01,-0.058 ,-0.044 ,0.62 ,0.762,0.7  ,0.623,0.969,
2017/01,95.6 ,92.1 ,0.3 ,1000204,47363,114.69,-0.058 ,-0.045 ,0.678,0.817,0.752,0.626,0.963,
2017/02,95.3 ,92.5 ,0.3 ,987652 ,47193,113.13,-0.048 ,-0.038 ,0.523,0.8  ,0.662,0.624,0.958,
2017/03,95.7 ,93.3 ,0.3 ,994636 ,47121,113.02,-0.06  ,-0.042 ,0.681,0.732,0.716,0.612,0.947,
2017/04,93.7 ,91.4 ,0.3 ,996652 ,47204,110.08,-0.074 ,-0.054 ,0.588,0.837,0.719,0.608,0.942,
2017/05,94.6 ,92.6 ,0.3 ,999953 ,47319,112.24,-0.065 ,-0.053 ,0.569,0.705,0.643,0.588,0.934,
2017/06,93.9 ,91   ,0.3 ,995829 ,47274,110.89,-0.069 ,-0.056 ,0.589,0.812,0.705,0.583,0.929,
2017/07,94.9 ,91.2 ,0.3 ,1003958,47282,112.5 ,-0.064 ,-0.054 ,0.62 ,0.832,0.728,0.574,0.925,
2017/08,94.4 ,90.1 ,0.3 ,1007793,47386,109.9 ,-0.066 ,-0.049 ,0.524,0.823,0.663,0.569,0.921,
2017/09,95.5 ,91.8 ,0.3 ,1005588,47443,110.67,-0.063 ,-0.058 ,0.626,0.768,0.716,0.569,0.916,
2017/10,97.2 ,94.3 ,0.3 ,1009036,47485,112.94,-0.046 ,-0.037 ,0.687,0.817,0.757,0.566,0.911,
2017/11,97.4 ,95.3 ,0.3 ,1014718,47595,112.89,-0.055 ,-0.048 ,0.54 ,0.917,0.752,0.573,0.908,
2017/12,97.7 ,97.1 ,0.3 ,1042023,47817,112.96,-0.062 ,-0.042 ,0.676,0.764,0.726,0.584,0.904,
2018/01,97.1 ,96.7 ,0.3 ,1044482,47878,110.74,-0.05  ,-0.04  ,0.612,0.779,0.693,0.571,0.901,
2018/02,96.1 ,96.6 ,0.3 ,1033046,47741,107.9 ,-0.053 ,-0.042 ,0.467,0.739,0.601,0.561,0.897,
2018/03,95.2 ,94.9 ,0.3 ,1037590,47672,106.01,-0.068 ,-0.062 ,0.631,0.638,0.636,0.559,0.886,
2018/04,95.5 ,96.1 ,0.3 ,1039157,47735,107.49,-0.067 ,-0.063 ,0.567,0.773,0.674,0.541,0.885,
2018/05,96.9 ,98.9 ,0.3 ,1040264,47812,109.74,-0.065 ,-0.061 ,0.534,0.684,0.611,0.539,0.879,
2018/06,97   ,100.8,0.3 ,1037681,47729,110.02,-0.069 ,-0.071 ,0.637,0.85 ,0.768,0.543,0.876,
2018/07,97.4 ,101.7,0.3 ,1044800,47720,111.41,-0.065 ,-0.07  ,0.661,0.792,0.733,0.546,0.872,
2018/08,97   ,101.1,0.3 ,1046482,47830,111.06,-0.055 ,-0.059 ,0.548,0.885,0.742,0.564,0.869,
2018/09,97.6 ,101.8,0.3 ,1045699,47899,111.91,-0.064 ,-0.059 ,     ,     ,     ,     ,     ,
2018/10,     ,     ,    ,       ,     ,      ,       ,       ,     ,     ,     ,     ,     ,
2018/11,     ,     ,    ,       ,     ,      ,       ,       ,     ,     ,     ,     ,     ,
2018/12,     ,     ,    ,       ,     ,      ,       ,       ,     ,     ,     ,     ,     ,
